TIME_ID,ID,FROM ,TO,DATE,DAY,COUNTS
SEP010000,1,0:00:00,0:29:00,01-09-2020,THURSDAY,57
SEP010030,2,0:30:00,0:59:00,01-09-2020,THURSDAY,88
SEP010100,3,1:00:00,1:29:00,01-09-2020,THURSDAY,1
SEP010130,4,1:30:00,1:59:00,01-09-2020,THURSDAY,51
SEP010200,5,2:00:00,2:29:00,01-09-2020,THURSDAY,45
SEP010230,6,2:30:00,2:59:00,01-09-2020,THURSDAY,4
SEP010300,7,3:00:00,3:29:00,01-09-2020,THURSDAY,69
SEP010330,8,3:30:00,3:59:00,01-09-2020,THURSDAY,99
SEP010400,9,4:00:00,4:29:00,01-09-2020,THURSDAY,61
SEP010430,10,4:30:00,4:59:00,01-09-2020,THURSDAY,18
SEP010500,11,5:00:00,5:29:00,01-09-2020,THURSDAY,120
SEP010530,12,5:30:00,5:59:00,01-09-2020,THURSDAY,51
SEP010600,13,6:00:00,6:29:00,01-09-2020,THURSDAY,132
SEP010630,14,6:30:00,6:59:00,01-09-2020,THURSDAY,60
SEP010700,15,7:00:00,7:29:00,01-09-2020,THURSDAY,66
SEP010730,16,7:30:00,7:59:00,01-09-2020,THURSDAY,191
SEP010800,17,8:00:00,8:29:00,01-09-2020,THURSDAY,194
SEP010830,18,8:30:00,8:59:00,01-09-2020,THURSDAY,25
SEP010900,19,9:00:00,9:29:00,01-09-2020,THURSDAY,151
SEP010930,20,9:30:00,9:59:00,01-09-2020,THURSDAY,67
SEP011000,21,10:00:00,10:29:00,01-09-2020,THURSDAY,145
SEP011030,22,10:30:00,10:59:00,01-09-2020,THURSDAY,128
SEP011100,23,11:00:00,11:29:00,01-09-2020,THURSDAY,104
SEP011130,24,11:30:00,11:59:00,01-09-2020,THURSDAY,75
SEP011200,25,12:00:00,12:29:00,01-09-2020,THURSDAY,46
SEP011230,26,12:30:00,12:59:00,01-09-2020,THURSDAY,44
SEP011300,27,13:00:00,13:29:00,01-09-2020,THURSDAY,125
SEP011330,28,13:30:00,13:59:00,01-09-2020,THURSDAY,173
SEP011400,29,14:00:00,14:29:00,01-09-2020,THURSDAY,199
SEP011430,30,14:30:00,14:59:00,01-09-2020,THURSDAY,59
SEP011500,31,15:00:00,15:29:00,01-09-2020,THURSDAY,194
SEP011530,32,15:30:00,15:59:00,01-09-2020,THURSDAY,74
SEP011600,33,16:00:00,16:29:00,01-09-2020,THURSDAY,2
SEP011630,34,16:30:00,16:59:00,01-09-2020,THURSDAY,166
SEP011700,35,17:00:00,17:29:00,01-09-2020,THURSDAY,121
SEP011730,36,17:30:00,17:59:00,01-09-2020,THURSDAY,72
SEP011800,37,18:00:00,18:29:00,01-09-2020,THURSDAY,103
SEP011830,38,18:30:00,18:59:00,01-09-2020,THURSDAY,21
SEP011900,39,19:00:00,19:29:00,01-09-2020,THURSDAY,137
SEP011930,40,19:30:00,19:59:00,01-09-2020,THURSDAY,18
SEP012000,41,20:00:00,20:29:00,01-09-2020,THURSDAY,105
SEP012030,42,20:30:00,20:59:00,01-09-2020,THURSDAY,82
SEP012100,43,21:00:00,21:29:00,01-09-2020,THURSDAY,117
SEP012130,44,21:30:00,21:59:00,01-09-2020,THURSDAY,65
SEP012200,45,22:00:00,22:29:00,01-09-2020,THURSDAY,49
SEP012230,46,22:30:00,22:59:00,01-09-2020,THURSDAY,158
SEP012300,47,23:00:00,23:29:00,01-09-2020,THURSDAY,31
SEP012330,48,23:30:00,23:59:00,01-09-2020,THURSDAY,194
SEP020000,49,0:00:00,0:29:00,02-09-2020,FRIDAY,52
SEP020030,50,0:30:00,0:59:00,02-09-2020,FRIDAY,157
SEP020100,51,1:00:00,1:29:00,02-09-2020,FRIDAY,28
SEP020130,52,1:30:00,1:59:00,02-09-2020,FRIDAY,22
SEP020200,53,2:00:00,2:29:00,02-09-2020,FRIDAY,74
SEP020230,54,2:30:00,2:59:00,02-09-2020,FRIDAY,173
SEP020300,55,3:00:00,3:29:00,02-09-2020,FRIDAY,92
SEP020330,56,3:30:00,3:59:00,02-09-2020,FRIDAY,136
SEP020400,57,4:00:00,4:29:00,02-09-2020,FRIDAY,34
SEP020430,58,4:30:00,4:59:00,02-09-2020,FRIDAY,102
SEP020500,59,5:00:00,5:29:00,02-09-2020,FRIDAY,188
SEP020530,60,5:30:00,5:59:00,02-09-2020,FRIDAY,156
SEP020600,61,6:00:00,6:29:00,02-09-2020,FRIDAY,200
SEP020630,62,6:30:00,6:59:00,02-09-2020,FRIDAY,175
SEP020700,63,7:00:00,7:29:00,02-09-2020,FRIDAY,123
SEP020730,64,7:30:00,7:59:00,02-09-2020,FRIDAY,123
SEP020800,65,8:00:00,8:29:00,02-09-2020,FRIDAY,114
SEP020830,66,8:30:00,8:59:00,02-09-2020,FRIDAY,131
SEP020900,67,9:00:00,9:29:00,02-09-2020,FRIDAY,139
SEP020930,68,9:30:00,9:59:00,02-09-2020,FRIDAY,97
SEP021000,69,10:00:00,10:29:00,02-09-2020,FRIDAY,82
SEP021030,70,10:30:00,10:59:00,02-09-2020,FRIDAY,195
SEP021100,71,11:00:00,11:29:00,02-09-2020,FRIDAY,32
SEP021130,72,11:30:00,11:59:00,02-09-2020,FRIDAY,197
SEP021200,73,12:00:00,12:29:00,02-09-2020,FRIDAY,133
SEP021230,74,12:30:00,12:59:00,02-09-2020,FRIDAY,137
SEP021300,75,13:00:00,13:29:00,02-09-2020,FRIDAY,118
SEP021330,76,13:30:00,13:59:00,02-09-2020,FRIDAY,67
SEP021400,77,14:00:00,14:29:00,02-09-2020,FRIDAY,24
SEP021430,78,14:30:00,14:59:00,02-09-2020,FRIDAY,139
SEP021500,79,15:00:00,15:29:00,02-09-2020,FRIDAY,95
SEP021530,80,15:30:00,15:59:00,02-09-2020,FRIDAY,76
SEP021600,81,16:00:00,16:29:00,02-09-2020,FRIDAY,106
SEP021630,82,16:30:00,16:59:00,02-09-2020,FRIDAY,34
SEP021700,83,17:00:00,17:29:00,02-09-2020,FRIDAY,117
SEP021730,84,17:30:00,17:59:00,02-09-2020,FRIDAY,130
SEP021800,85,18:00:00,18:29:00,02-09-2020,FRIDAY,84
SEP021830,86,18:30:00,18:59:00,02-09-2020,FRIDAY,144
SEP021900,87,19:00:00,19:29:00,02-09-2020,FRIDAY,16
SEP021930,88,19:30:00,19:59:00,02-09-2020,FRIDAY,200
SEP022000,89,20:00:00,20:29:00,02-09-2020,FRIDAY,109
SEP022030,90,20:30:00,20:59:00,02-09-2020,FRIDAY,27
SEP022100,91,21:00:00,21:29:00,02-09-2020,FRIDAY,39
SEP022130,92,21:30:00,21:59:00,02-09-2020,FRIDAY,34
SEP022200,93,22:00:00,22:29:00,02-09-2020,FRIDAY,22
SEP022230,94,22:30:00,22:59:00,02-09-2020,FRIDAY,120
SEP022300,95,23:00:00,23:29:00,02-09-2020,FRIDAY,28
SEP022330,96,23:30:00,23:59:00,02-09-2020,FRIDAY,34
SEP030000,97,0:00:00,0:29:00,03-09-2020,SATURDAY,188
SEP030030,98,0:30:00,0:59:00,03-09-2020,SATURDAY,54
SEP030100,99,1:00:00,1:29:00,03-09-2020,SATURDAY,58
SEP030130,100,1:30:00,1:59:00,03-09-2020,SATURDAY,141
SEP030200,101,2:00:00,2:29:00,03-09-2020,SATURDAY,66
SEP030230,102,2:30:00,2:59:00,03-09-2020,SATURDAY,104
SEP030300,103,3:00:00,3:29:00,03-09-2020,SATURDAY,17
SEP030330,104,3:30:00,3:59:00,03-09-2020,SATURDAY,19
SEP030400,105,4:00:00,4:29:00,03-09-2020,SATURDAY,61
SEP030430,106,4:30:00,4:59:00,03-09-2020,SATURDAY,131
SEP030500,107,5:00:00,5:29:00,03-09-2020,SATURDAY,42
SEP030530,108,5:30:00,5:59:00,03-09-2020,SATURDAY,32
SEP030600,109,6:00:00,6:29:00,03-09-2020,SATURDAY,19
SEP030630,110,6:30:00,6:59:00,03-09-2020,SATURDAY,51
SEP030700,111,7:00:00,7:29:00,03-09-2020,SATURDAY,171
SEP030730,112,7:30:00,7:59:00,03-09-2020,SATURDAY,153
SEP030800,113,8:00:00,8:29:00,03-09-2020,SATURDAY,136
SEP030830,114,8:30:00,8:59:00,03-09-2020,SATURDAY,190
SEP030900,115,9:00:00,9:29:00,03-09-2020,SATURDAY,15
SEP030930,116,9:30:00,9:59:00,03-09-2020,SATURDAY,5
SEP031000,117,10:00:00,10:29:00,03-09-2020,SATURDAY,128
SEP031030,118,10:30:00,10:59:00,03-09-2020,SATURDAY,27
SEP031100,119,11:00:00,11:29:00,03-09-2020,SATURDAY,56
SEP031130,120,11:30:00,11:59:00,03-09-2020,SATURDAY,114
SEP031200,121,12:00:00,12:29:00,03-09-2020,SATURDAY,37
SEP031230,122,12:30:00,12:59:00,03-09-2020,SATURDAY,170
SEP031300,123,13:00:00,13:29:00,03-09-2020,SATURDAY,11
SEP031330,124,13:30:00,13:59:00,03-09-2020,SATURDAY,71
SEP031400,125,14:00:00,14:29:00,03-09-2020,SATURDAY,157
SEP031430,126,14:30:00,14:59:00,03-09-2020,SATURDAY,59
SEP031500,127,15:00:00,15:29:00,03-09-2020,SATURDAY,103
SEP031530,128,15:30:00,15:59:00,03-09-2020,SATURDAY,13
SEP031600,129,16:00:00,16:29:00,03-09-2020,SATURDAY,103
SEP031630,130,16:30:00,16:59:00,03-09-2020,SATURDAY,105
SEP031700,131,17:00:00,17:29:00,03-09-2020,SATURDAY,176
SEP031730,132,17:30:00,17:59:00,03-09-2020,SATURDAY,8
SEP031800,133,18:00:00,18:29:00,03-09-2020,SATURDAY,1
SEP031830,134,18:30:00,18:59:00,03-09-2020,SATURDAY,16
SEP031900,135,19:00:00,19:29:00,03-09-2020,SATURDAY,122
SEP031930,136,19:30:00,19:59:00,03-09-2020,SATURDAY,133
SEP032000,137,20:00:00,20:29:00,03-09-2020,SATURDAY,69
SEP032030,138,20:30:00,20:59:00,03-09-2020,SATURDAY,124
SEP032100,139,21:00:00,21:29:00,03-09-2020,SATURDAY,152
SEP032130,140,21:30:00,21:59:00,03-09-2020,SATURDAY,34
SEP032200,141,22:00:00,22:29:00,03-09-2020,SATURDAY,104
SEP032230,142,22:30:00,22:59:00,03-09-2020,SATURDAY,192
SEP032300,143,23:00:00,23:29:00,03-09-2020,SATURDAY,39
SEP032330,144,23:30:00,23:59:00,03-09-2020,SATURDAY,143
SEP040000,145,0:00:00,0:29:00,04-09-2020,SUNDAY,147
SEP040030,146,0:30:00,0:59:00,04-09-2020,SUNDAY,74
SEP040100,147,1:00:00,1:29:00,04-09-2020,SUNDAY,39
SEP040130,148,1:30:00,1:59:00,04-09-2020,SUNDAY,134
SEP040200,149,2:00:00,2:29:00,04-09-2020,SUNDAY,27
SEP040230,150,2:30:00,2:59:00,04-09-2020,SUNDAY,4
SEP040300,151,3:00:00,3:29:00,04-09-2020,SUNDAY,133
SEP040330,152,3:30:00,3:59:00,04-09-2020,SUNDAY,107
SEP040400,153,4:00:00,4:29:00,04-09-2020,SUNDAY,62
SEP040430,154,4:30:00,4:59:00,04-09-2020,SUNDAY,86
SEP040500,155,5:00:00,5:29:00,04-09-2020,SUNDAY,65
SEP040530,156,5:30:00,5:59:00,04-09-2020,SUNDAY,53
SEP040600,157,6:00:00,6:29:00,04-09-2020,SUNDAY,160
SEP040630,158,6:30:00,6:59:00,04-09-2020,SUNDAY,31
SEP040700,159,7:00:00,7:29:00,04-09-2020,SUNDAY,32
SEP040730,160,7:30:00,7:59:00,04-09-2020,SUNDAY,175
SEP040800,161,8:00:00,8:29:00,04-09-2020,SUNDAY,71
SEP040830,162,8:30:00,8:59:00,04-09-2020,SUNDAY,123
SEP040900,163,9:00:00,9:29:00,04-09-2020,SUNDAY,184
SEP040930,164,9:30:00,9:59:00,04-09-2020,SUNDAY,48
SEP041000,165,10:00:00,10:29:00,04-09-2020,SUNDAY,97
SEP041030,166,10:30:00,10:59:00,04-09-2020,SUNDAY,52
SEP041100,167,11:00:00,11:29:00,04-09-2020,SUNDAY,83
SEP041130,168,11:30:00,11:59:00,04-09-2020,SUNDAY,87
SEP041200,169,12:00:00,12:29:00,04-09-2020,SUNDAY,91
SEP041230,170,12:30:00,12:59:00,04-09-2020,SUNDAY,147
SEP041300,171,13:00:00,13:29:00,04-09-2020,SUNDAY,81
SEP041330,172,13:30:00,13:59:00,04-09-2020,SUNDAY,17
SEP041400,173,14:00:00,14:29:00,04-09-2020,SUNDAY,62
SEP041430,174,14:30:00,14:59:00,04-09-2020,SUNDAY,123
SEP041500,175,15:00:00,15:29:00,04-09-2020,SUNDAY,1
SEP041530,176,15:30:00,15:59:00,04-09-2020,SUNDAY,139
SEP041600,177,16:00:00,16:29:00,04-09-2020,SUNDAY,68
SEP041630,178,16:30:00,16:59:00,04-09-2020,SUNDAY,155
SEP041700,179,17:00:00,17:29:00,04-09-2020,SUNDAY,96
SEP041730,180,17:30:00,17:59:00,04-09-2020,SUNDAY,34
SEP041800,181,18:00:00,18:29:00,04-09-2020,SUNDAY,139
SEP041830,182,18:30:00,18:59:00,04-09-2020,SUNDAY,44
SEP041900,183,19:00:00,19:29:00,04-09-2020,SUNDAY,171
SEP041930,184,19:30:00,19:59:00,04-09-2020,SUNDAY,157
SEP042000,185,20:00:00,20:29:00,04-09-2020,SUNDAY,115
SEP042030,186,20:30:00,20:59:00,04-09-2020,SUNDAY,10
SEP042100,187,21:00:00,21:29:00,04-09-2020,SUNDAY,113
SEP042130,188,21:30:00,21:59:00,04-09-2020,SUNDAY,121
SEP042200,189,22:00:00,22:29:00,04-09-2020,SUNDAY,22
SEP042230,190,22:30:00,22:59:00,04-09-2020,SUNDAY,136
SEP042300,191,23:00:00,23:29:00,04-09-2020,SUNDAY,199
SEP042330,192,23:30:00,23:59:00,04-09-2020,SUNDAY,47
SEP050000,193,0:00:00,0:29:00,05-09-2020,MONDAY,130
SEP050030,194,0:30:00,0:59:00,05-09-2020,MONDAY,22
SEP050100,195,1:00:00,1:29:00,05-09-2020,MONDAY,24
SEP050130,196,1:30:00,1:59:00,05-09-2020,MONDAY,149
SEP050200,197,2:00:00,2:29:00,05-09-2020,MONDAY,63
SEP050230,198,2:30:00,2:59:00,05-09-2020,MONDAY,31
SEP050300,199,3:00:00,3:29:00,05-09-2020,MONDAY,111
SEP050330,200,3:30:00,3:59:00,05-09-2020,MONDAY,173
SEP050400,201,4:00:00,4:29:00,05-09-2020,MONDAY,19
SEP050430,202,4:30:00,4:59:00,05-09-2020,MONDAY,161
SEP050500,203,5:00:00,5:29:00,05-09-2020,MONDAY,163
SEP050530,204,5:30:00,5:59:00,05-09-2020,MONDAY,158
SEP050600,205,6:00:00,6:29:00,05-09-2020,MONDAY,78
SEP050630,206,6:30:00,6:59:00,05-09-2020,MONDAY,114
SEP050700,207,7:00:00,7:29:00,05-09-2020,MONDAY,181
SEP050730,208,7:30:00,7:59:00,05-09-2020,MONDAY,51
SEP050800,209,8:00:00,8:29:00,05-09-2020,MONDAY,28
SEP050830,210,8:30:00,8:59:00,05-09-2020,MONDAY,39
SEP050900,211,9:00:00,9:29:00,05-09-2020,MONDAY,152
SEP050930,212,9:30:00,9:59:00,05-09-2020,MONDAY,40
SEP051000,213,10:00:00,10:29:00,05-09-2020,MONDAY,112
SEP051030,214,10:30:00,10:59:00,05-09-2020,MONDAY,156
SEP051100,215,11:00:00,11:29:00,05-09-2020,MONDAY,127
SEP051130,216,11:30:00,11:59:00,05-09-2020,MONDAY,127
SEP051200,217,12:00:00,12:29:00,05-09-2020,MONDAY,151
SEP051230,218,12:30:00,12:59:00,05-09-2020,MONDAY,176
SEP051300,219,13:00:00,13:29:00,05-09-2020,MONDAY,19
SEP051330,220,13:30:00,13:59:00,05-09-2020,MONDAY,117
SEP051400,221,14:00:00,14:29:00,05-09-2020,MONDAY,60
SEP051430,222,14:30:00,14:59:00,05-09-2020,MONDAY,35
SEP051500,223,15:00:00,15:29:00,05-09-2020,MONDAY,162
SEP051530,224,15:30:00,15:59:00,05-09-2020,MONDAY,16
SEP051600,225,16:00:00,16:29:00,05-09-2020,MONDAY,139
SEP051630,226,16:30:00,16:59:00,05-09-2020,MONDAY,136
SEP051700,227,17:00:00,17:29:00,05-09-2020,MONDAY,85
SEP051730,228,17:30:00,17:59:00,05-09-2020,MONDAY,126
SEP051800,229,18:00:00,18:29:00,05-09-2020,MONDAY,65
SEP051830,230,18:30:00,18:59:00,05-09-2020,MONDAY,165
SEP051900,231,19:00:00,19:29:00,05-09-2020,MONDAY,39
SEP051930,232,19:30:00,19:59:00,05-09-2020,MONDAY,59
SEP052000,233,20:00:00,20:29:00,05-09-2020,MONDAY,187
SEP052030,234,20:30:00,20:59:00,05-09-2020,MONDAY,29
SEP052100,235,21:00:00,21:29:00,05-09-2020,MONDAY,134
SEP052130,236,21:30:00,21:59:00,05-09-2020,MONDAY,124
SEP052200,237,22:00:00,22:29:00,05-09-2020,MONDAY,186
SEP052230,238,22:30:00,22:59:00,05-09-2020,MONDAY,40
SEP052300,239,23:00:00,23:29:00,05-09-2020,MONDAY,27
SEP052330,240,23:30:00,23:59:00,05-09-2020,MONDAY,168
SEP060000,241,0:00:00,0:29:00,06-09-2020,TUESDAY,3
SEP060030,242,0:30:00,0:59:00,06-09-2020,TUESDAY,58
SEP060100,243,1:00:00,1:29:00,06-09-2020,TUESDAY,138
SEP060130,244,1:30:00,1:59:00,06-09-2020,TUESDAY,116
SEP060200,245,2:00:00,2:29:00,06-09-2020,TUESDAY,55
SEP060230,246,2:30:00,2:59:00,06-09-2020,TUESDAY,112
SEP060300,247,3:00:00,3:29:00,06-09-2020,TUESDAY,156
SEP060330,248,3:30:00,3:59:00,06-09-2020,TUESDAY,141
SEP060400,249,4:00:00,4:29:00,06-09-2020,TUESDAY,95
SEP060430,250,4:30:00,4:59:00,06-09-2020,TUESDAY,136
SEP060500,251,5:00:00,5:29:00,06-09-2020,TUESDAY,59
SEP060530,252,5:30:00,5:59:00,06-09-2020,TUESDAY,54
SEP060600,253,6:00:00,6:29:00,06-09-2020,TUESDAY,190
SEP060630,254,6:30:00,6:59:00,06-09-2020,TUESDAY,16
SEP060700,255,7:00:00,7:29:00,06-09-2020,TUESDAY,165
SEP060730,256,7:30:00,7:59:00,06-09-2020,TUESDAY,37
SEP060800,257,8:00:00,8:29:00,06-09-2020,TUESDAY,7
SEP060830,258,8:30:00,8:59:00,06-09-2020,TUESDAY,157
SEP060900,259,9:00:00,9:29:00,06-09-2020,TUESDAY,189
SEP060930,260,9:30:00,9:59:00,06-09-2020,TUESDAY,157
SEP061000,261,10:00:00,10:29:00,06-09-2020,TUESDAY,182
SEP061030,262,10:30:00,10:59:00,06-09-2020,TUESDAY,79
SEP061100,263,11:00:00,11:29:00,06-09-2020,TUESDAY,104
SEP061130,264,11:30:00,11:59:00,06-09-2020,TUESDAY,190
SEP061200,265,12:00:00,12:29:00,06-09-2020,TUESDAY,178
SEP061230,266,12:30:00,12:59:00,06-09-2020,TUESDAY,94
SEP061300,267,13:00:00,13:29:00,06-09-2020,TUESDAY,68
SEP061330,268,13:30:00,13:59:00,06-09-2020,TUESDAY,176
SEP061400,269,14:00:00,14:29:00,06-09-2020,TUESDAY,3
SEP061430,270,14:30:00,14:59:00,06-09-2020,TUESDAY,55
SEP061500,271,15:00:00,15:29:00,06-09-2020,TUESDAY,174
SEP061530,272,15:30:00,15:59:00,06-09-2020,TUESDAY,190
SEP061600,273,16:00:00,16:29:00,06-09-2020,TUESDAY,19
SEP061630,274,16:30:00,16:59:00,06-09-2020,TUESDAY,80
SEP061700,275,17:00:00,17:29:00,06-09-2020,TUESDAY,85
SEP061730,276,17:30:00,17:59:00,06-09-2020,TUESDAY,56
SEP061800,277,18:00:00,18:29:00,06-09-2020,TUESDAY,12
SEP061830,278,18:30:00,18:59:00,06-09-2020,TUESDAY,190
SEP061900,279,19:00:00,19:29:00,06-09-2020,TUESDAY,28
SEP061930,280,19:30:00,19:59:00,06-09-2020,TUESDAY,17
SEP062000,281,20:00:00,20:29:00,06-09-2020,TUESDAY,52
SEP062030,282,20:30:00,20:59:00,06-09-2020,TUESDAY,42
SEP062100,283,21:00:00,21:29:00,06-09-2020,TUESDAY,146
SEP062130,284,21:30:00,21:59:00,06-09-2020,TUESDAY,42
SEP062200,285,22:00:00,22:29:00,06-09-2020,TUESDAY,129
SEP062230,286,22:30:00,22:59:00,06-09-2020,TUESDAY,40
SEP062300,287,23:00:00,23:29:00,06-09-2020,TUESDAY,8
SEP062330,288,23:30:00,23:59:00,06-09-2020,TUESDAY,183
SEP070000,289,0:00:00,0:29:00,07-09-2020,WEDNESDAY,123
SEP070030,290,0:30:00,0:59:00,07-09-2020,WEDNESDAY,198
SEP070100,291,1:00:00,1:29:00,07-09-2020,WEDNESDAY,184
SEP070130,292,1:30:00,1:59:00,07-09-2020,WEDNESDAY,184
SEP070200,293,2:00:00,2:29:00,07-09-2020,WEDNESDAY,14
SEP070230,294,2:30:00,2:59:00,07-09-2020,WEDNESDAY,179
SEP070300,295,3:00:00,3:29:00,07-09-2020,WEDNESDAY,127
SEP070330,296,3:30:00,3:59:00,07-09-2020,WEDNESDAY,72
SEP070400,297,4:00:00,4:29:00,07-09-2020,WEDNESDAY,184
SEP070430,298,4:30:00,4:59:00,07-09-2020,WEDNESDAY,26
SEP070500,299,5:00:00,5:29:00,07-09-2020,WEDNESDAY,28
SEP070530,300,5:30:00,5:59:00,07-09-2020,WEDNESDAY,2
SEP070600,301,6:00:00,6:29:00,07-09-2020,WEDNESDAY,37
SEP070630,302,6:30:00,6:59:00,07-09-2020,WEDNESDAY,17
SEP070700,303,7:00:00,7:29:00,07-09-2020,WEDNESDAY,91
SEP070730,304,7:30:00,7:59:00,07-09-2020,WEDNESDAY,6
SEP070800,305,8:00:00,8:29:00,07-09-2020,WEDNESDAY,61
SEP070830,306,8:30:00,8:59:00,07-09-2020,WEDNESDAY,126
SEP070900,307,9:00:00,9:29:00,07-09-2020,WEDNESDAY,176
SEP070930,308,9:30:00,9:59:00,07-09-2020,WEDNESDAY,142
SEP071000,309,10:00:00,10:29:00,07-09-2020,WEDNESDAY,20
SEP071030,310,10:30:00,10:59:00,07-09-2020,WEDNESDAY,144
SEP071100,311,11:00:00,11:29:00,07-09-2020,WEDNESDAY,196
SEP071130,312,11:30:00,11:59:00,07-09-2020,WEDNESDAY,124
SEP071200,313,12:00:00,12:29:00,07-09-2020,WEDNESDAY,18
SEP071230,314,12:30:00,12:59:00,07-09-2020,WEDNESDAY,51
SEP071300,315,13:00:00,13:29:00,07-09-2020,WEDNESDAY,37
SEP071330,316,13:30:00,13:59:00,07-09-2020,WEDNESDAY,112
SEP071400,317,14:00:00,14:29:00,07-09-2020,WEDNESDAY,191
SEP071430,318,14:30:00,14:59:00,07-09-2020,WEDNESDAY,155
SEP071500,319,15:00:00,15:29:00,07-09-2020,WEDNESDAY,56
SEP071530,320,15:30:00,15:59:00,07-09-2020,WEDNESDAY,158
SEP071600,321,16:00:00,16:29:00,07-09-2020,WEDNESDAY,113
SEP071630,322,16:30:00,16:59:00,07-09-2020,WEDNESDAY,191
SEP071700,323,17:00:00,17:29:00,07-09-2020,WEDNESDAY,152
SEP071730,324,17:30:00,17:59:00,07-09-2020,WEDNESDAY,89
SEP071800,325,18:00:00,18:29:00,07-09-2020,WEDNESDAY,142
SEP071830,326,18:30:00,18:59:00,07-09-2020,WEDNESDAY,15
SEP071900,327,19:00:00,19:29:00,07-09-2020,WEDNESDAY,85
SEP071930,328,19:30:00,19:59:00,07-09-2020,WEDNESDAY,21
SEP072000,329,20:00:00,20:29:00,07-09-2020,WEDNESDAY,9
SEP072030,330,20:30:00,20:59:00,07-09-2020,WEDNESDAY,17
SEP072100,331,21:00:00,21:29:00,07-09-2020,WEDNESDAY,179
SEP072130,332,21:30:00,21:59:00,07-09-2020,WEDNESDAY,154
SEP072200,333,22:00:00,22:29:00,07-09-2020,WEDNESDAY,50
SEP072230,334,22:30:00,22:59:00,07-09-2020,WEDNESDAY,183
SEP072300,335,23:00:00,23:29:00,07-09-2020,WEDNESDAY,39
SEP072330,336,23:30:00,23:59:00,07-09-2020,WEDNESDAY,115
SEP080000,337,0:00:00,0:29:00,08-09-2020,THURSDAY,60
SEP080030,338,0:30:00,0:59:00,08-09-2020,THURSDAY,180
SEP080100,339,1:00:00,1:29:00,08-09-2020,THURSDAY,122
SEP080130,340,1:30:00,1:59:00,08-09-2020,THURSDAY,21
SEP080200,341,2:00:00,2:29:00,08-09-2020,THURSDAY,7
SEP080230,342,2:30:00,2:59:00,08-09-2020,THURSDAY,43
SEP080300,343,3:00:00,3:29:00,08-09-2020,THURSDAY,199
SEP080330,344,3:30:00,3:59:00,08-09-2020,THURSDAY,82
SEP080400,345,4:00:00,4:29:00,08-09-2020,THURSDAY,128
SEP080430,346,4:30:00,4:59:00,08-09-2020,THURSDAY,157
SEP080500,347,5:00:00,5:29:00,08-09-2020,THURSDAY,166
SEP080530,348,5:30:00,5:59:00,08-09-2020,THURSDAY,103
SEP080600,349,6:00:00,6:29:00,08-09-2020,THURSDAY,17
SEP080630,350,6:30:00,6:59:00,08-09-2020,THURSDAY,44
SEP080700,351,7:00:00,7:29:00,08-09-2020,THURSDAY,187
SEP080730,352,7:30:00,7:59:00,08-09-2020,THURSDAY,47
SEP080800,353,8:00:00,8:29:00,08-09-2020,THURSDAY,184
SEP080830,354,8:30:00,8:59:00,08-09-2020,THURSDAY,57
SEP080900,355,9:00:00,9:29:00,08-09-2020,THURSDAY,80
SEP080930,356,9:30:00,9:59:00,08-09-2020,THURSDAY,10
SEP081000,357,10:00:00,10:29:00,08-09-2020,THURSDAY,92
SEP081030,358,10:30:00,10:59:00,08-09-2020,THURSDAY,23
SEP081100,359,11:00:00,11:29:00,08-09-2020,THURSDAY,83
SEP081130,360,11:30:00,11:59:00,08-09-2020,THURSDAY,41
SEP081200,361,12:00:00,12:29:00,08-09-2020,THURSDAY,21
SEP081230,362,12:30:00,12:59:00,08-09-2020,THURSDAY,95
SEP081300,363,13:00:00,13:29:00,08-09-2020,THURSDAY,105
SEP081330,364,13:30:00,13:59:00,08-09-2020,THURSDAY,191
SEP081400,365,14:00:00,14:29:00,08-09-2020,THURSDAY,167
SEP081430,366,14:30:00,14:59:00,08-09-2020,THURSDAY,91
SEP081500,367,15:00:00,15:29:00,08-09-2020,THURSDAY,166
SEP081530,368,15:30:00,15:59:00,08-09-2020,THURSDAY,174
SEP081600,369,16:00:00,16:29:00,08-09-2020,THURSDAY,3
SEP081630,370,16:30:00,16:59:00,08-09-2020,THURSDAY,10
SEP081700,371,17:00:00,17:29:00,08-09-2020,THURSDAY,74
SEP081730,372,17:30:00,17:59:00,08-09-2020,THURSDAY,69
SEP081800,373,18:00:00,18:29:00,08-09-2020,THURSDAY,179
SEP081830,374,18:30:00,18:59:00,08-09-2020,THURSDAY,191
SEP081900,375,19:00:00,19:29:00,08-09-2020,THURSDAY,101
SEP081930,376,19:30:00,19:59:00,08-09-2020,THURSDAY,58
SEP082000,377,20:00:00,20:29:00,08-09-2020,THURSDAY,23
SEP082030,378,20:30:00,20:59:00,08-09-2020,THURSDAY,56
SEP082100,379,21:00:00,21:29:00,08-09-2020,THURSDAY,71
SEP082130,380,21:30:00,21:59:00,08-09-2020,THURSDAY,67
SEP082200,381,22:00:00,22:29:00,08-09-2020,THURSDAY,168
SEP082230,382,22:30:00,22:59:00,08-09-2020,THURSDAY,177
SEP082300,383,23:00:00,23:29:00,08-09-2020,THURSDAY,138
SEP082330,384,23:30:00,23:59:00,08-09-2020,THURSDAY,147
SEP090000,385,0:00:00,0:29:00,09-09-2020,FRIDAY,167
SEP090030,386,0:30:00,0:59:00,09-09-2020,FRIDAY,154
SEP090100,387,1:00:00,1:29:00,09-09-2020,FRIDAY,178
SEP090130,388,1:30:00,1:59:00,09-09-2020,FRIDAY,22
SEP090200,389,2:00:00,2:29:00,09-09-2020,FRIDAY,155
SEP090230,390,2:30:00,2:59:00,09-09-2020,FRIDAY,18
SEP090300,391,3:00:00,3:29:00,09-09-2020,FRIDAY,3
SEP090330,392,3:30:00,3:59:00,09-09-2020,FRIDAY,106
SEP090400,393,4:00:00,4:29:00,09-09-2020,FRIDAY,145
SEP090430,394,4:30:00,4:59:00,09-09-2020,FRIDAY,120
SEP090500,395,5:00:00,5:29:00,09-09-2020,FRIDAY,11
SEP090530,396,5:30:00,5:59:00,09-09-2020,FRIDAY,21
SEP090600,397,6:00:00,6:29:00,09-09-2020,FRIDAY,192
SEP090630,398,6:30:00,6:59:00,09-09-2020,FRIDAY,140
SEP090700,399,7:00:00,7:29:00,09-09-2020,FRIDAY,19
SEP090730,400,7:30:00,7:59:00,09-09-2020,FRIDAY,52
SEP090800,401,8:00:00,8:29:00,09-09-2020,FRIDAY,90
SEP090830,402,8:30:00,8:59:00,09-09-2020,FRIDAY,125
SEP090900,403,9:00:00,9:29:00,09-09-2020,FRIDAY,19
SEP090930,404,9:30:00,9:59:00,09-09-2020,FRIDAY,45
SEP091000,405,10:00:00,10:29:00,09-09-2020,FRIDAY,50
SEP091030,406,10:30:00,10:59:00,09-09-2020,FRIDAY,115
SEP091100,407,11:00:00,11:29:00,09-09-2020,FRIDAY,74
SEP091130,408,11:30:00,11:59:00,09-09-2020,FRIDAY,177
SEP091200,409,12:00:00,12:29:00,09-09-2020,FRIDAY,117
SEP091230,410,12:30:00,12:59:00,09-09-2020,FRIDAY,27
SEP091300,411,13:00:00,13:29:00,09-09-2020,FRIDAY,81
SEP091330,412,13:30:00,13:59:00,09-09-2020,FRIDAY,172
SEP091400,413,14:00:00,14:29:00,09-09-2020,FRIDAY,125
SEP091430,414,14:30:00,14:59:00,09-09-2020,FRIDAY,98
SEP091500,415,15:00:00,15:29:00,09-09-2020,FRIDAY,48
SEP091530,416,15:30:00,15:59:00,09-09-2020,FRIDAY,89
SEP091600,417,16:00:00,16:29:00,09-09-2020,FRIDAY,81
SEP091630,418,16:30:00,16:59:00,09-09-2020,FRIDAY,1
SEP091700,419,17:00:00,17:29:00,09-09-2020,FRIDAY,93
SEP091730,420,17:30:00,17:59:00,09-09-2020,FRIDAY,5
SEP091800,421,18:00:00,18:29:00,09-09-2020,FRIDAY,98
SEP091830,422,18:30:00,18:59:00,09-09-2020,FRIDAY,174
SEP091900,423,19:00:00,19:29:00,09-09-2020,FRIDAY,146
SEP091930,424,19:30:00,19:59:00,09-09-2020,FRIDAY,167
SEP092000,425,20:00:00,20:29:00,09-09-2020,FRIDAY,53
SEP092030,426,20:30:00,20:59:00,09-09-2020,FRIDAY,199
SEP092100,427,21:00:00,21:29:00,09-09-2020,FRIDAY,84
SEP092130,428,21:30:00,21:59:00,09-09-2020,FRIDAY,138
SEP092200,429,22:00:00,22:29:00,09-09-2020,FRIDAY,39
SEP092230,430,22:30:00,22:59:00,09-09-2020,FRIDAY,130
SEP092300,431,23:00:00,23:29:00,09-09-2020,FRIDAY,174
SEP092330,432,23:30:00,23:59:00,09-09-2020,FRIDAY,139
SEP100000,433,0:00:00,0:29:00,10-09-2020,SATURDAY,94
SEP100030,434,0:30:00,0:59:00,10-09-2020,SATURDAY,180
SEP100100,435,1:00:00,1:29:00,10-09-2020,SATURDAY,129
SEP100130,436,1:30:00,1:59:00,10-09-2020,SATURDAY,79
SEP100200,437,2:00:00,2:29:00,10-09-2020,SATURDAY,158
SEP100230,438,2:30:00,2:59:00,10-09-2020,SATURDAY,179
SEP100300,439,3:00:00,3:29:00,10-09-2020,SATURDAY,128
SEP100330,440,3:30:00,3:59:00,10-09-2020,SATURDAY,180
SEP100400,441,4:00:00,4:29:00,10-09-2020,SATURDAY,46
SEP100430,442,4:30:00,4:59:00,10-09-2020,SATURDAY,137
SEP100500,443,5:00:00,5:29:00,10-09-2020,SATURDAY,110
SEP100530,444,5:30:00,5:59:00,10-09-2020,SATURDAY,169
SEP100600,445,6:00:00,6:29:00,10-09-2020,SATURDAY,145
SEP100630,446,6:30:00,6:59:00,10-09-2020,SATURDAY,136
SEP100700,447,7:00:00,7:29:00,10-09-2020,SATURDAY,137
SEP100730,448,7:30:00,7:59:00,10-09-2020,SATURDAY,154
SEP100800,449,8:00:00,8:29:00,10-09-2020,SATURDAY,88
SEP100830,450,8:30:00,8:59:00,10-09-2020,SATURDAY,129
SEP100900,451,9:00:00,9:29:00,10-09-2020,SATURDAY,25
SEP100930,452,9:30:00,9:59:00,10-09-2020,SATURDAY,140
SEP101000,453,10:00:00,10:29:00,10-09-2020,SATURDAY,55
SEP101030,454,10:30:00,10:59:00,10-09-2020,SATURDAY,67
SEP101100,455,11:00:00,11:29:00,10-09-2020,SATURDAY,93
SEP101130,456,11:30:00,11:59:00,10-09-2020,SATURDAY,30
SEP101200,457,12:00:00,12:29:00,10-09-2020,SATURDAY,106
SEP101230,458,12:30:00,12:59:00,10-09-2020,SATURDAY,120
SEP101300,459,13:00:00,13:29:00,10-09-2020,SATURDAY,117
SEP101330,460,13:30:00,13:59:00,10-09-2020,SATURDAY,33
SEP101400,461,14:00:00,14:29:00,10-09-2020,SATURDAY,109
SEP101430,462,14:30:00,14:59:00,10-09-2020,SATURDAY,87
SEP101500,463,15:00:00,15:29:00,10-09-2020,SATURDAY,83
SEP101530,464,15:30:00,15:59:00,10-09-2020,SATURDAY,42
SEP101600,465,16:00:00,16:29:00,10-09-2020,SATURDAY,97
SEP101630,466,16:30:00,16:59:00,10-09-2020,SATURDAY,70
SEP101700,467,17:00:00,17:29:00,10-09-2020,SATURDAY,91
SEP101730,468,17:30:00,17:59:00,10-09-2020,SATURDAY,38
SEP101800,469,18:00:00,18:29:00,10-09-2020,SATURDAY,54
SEP101830,470,18:30:00,18:59:00,10-09-2020,SATURDAY,76
SEP101900,471,19:00:00,19:29:00,10-09-2020,SATURDAY,171
SEP101930,472,19:30:00,19:59:00,10-09-2020,SATURDAY,174
SEP102000,473,20:00:00,20:29:00,10-09-2020,SATURDAY,166
SEP102030,474,20:30:00,20:59:00,10-09-2020,SATURDAY,63
SEP102100,475,21:00:00,21:29:00,10-09-2020,SATURDAY,165
SEP102130,476,21:30:00,21:59:00,10-09-2020,SATURDAY,52
SEP102200,477,22:00:00,22:29:00,10-09-2020,SATURDAY,1
SEP102230,478,22:30:00,22:59:00,10-09-2020,SATURDAY,187
SEP102300,479,23:00:00,23:29:00,10-09-2020,SATURDAY,135
SEP102330,480,23:30:00,23:59:00,10-09-2020,SATURDAY,51
SEP110000,481,0:00:00,0:29:00,11-09-2020,SUNDAY,50
SEP110030,482,0:30:00,0:59:00,11-09-2020,SUNDAY,39
SEP110100,483,1:00:00,1:29:00,11-09-2020,SUNDAY,69
SEP110130,484,1:30:00,1:59:00,11-09-2020,SUNDAY,136
SEP110200,485,2:00:00,2:29:00,11-09-2020,SUNDAY,25
SEP110230,486,2:30:00,2:59:00,11-09-2020,SUNDAY,163
SEP110300,487,3:00:00,3:29:00,11-09-2020,SUNDAY,32
SEP110330,488,3:30:00,3:59:00,11-09-2020,SUNDAY,72
SEP110400,489,4:00:00,4:29:00,11-09-2020,SUNDAY,176
SEP110430,490,4:30:00,4:59:00,11-09-2020,SUNDAY,179
SEP110500,491,5:00:00,5:29:00,11-09-2020,SUNDAY,166
SEP110530,492,5:30:00,5:59:00,11-09-2020,SUNDAY,148
SEP110600,493,6:00:00,6:29:00,11-09-2020,SUNDAY,161
SEP110630,494,6:30:00,6:59:00,11-09-2020,SUNDAY,7
SEP110700,495,7:00:00,7:29:00,11-09-2020,SUNDAY,47
SEP110730,496,7:30:00,7:59:00,11-09-2020,SUNDAY,44
SEP110800,497,8:00:00,8:29:00,11-09-2020,SUNDAY,32
SEP110830,498,8:30:00,8:59:00,11-09-2020,SUNDAY,73
SEP110900,499,9:00:00,9:29:00,11-09-2020,SUNDAY,171
SEP110930,500,9:30:00,9:59:00,11-09-2020,SUNDAY,121
SEP111000,501,10:00:00,10:29:00,11-09-2020,SUNDAY,27
SEP111030,502,10:30:00,10:59:00,11-09-2020,SUNDAY,185
SEP111100,503,11:00:00,11:29:00,11-09-2020,SUNDAY,25
SEP111130,504,11:30:00,11:59:00,11-09-2020,SUNDAY,151
SEP111200,505,12:00:00,12:29:00,11-09-2020,SUNDAY,26
SEP111230,506,12:30:00,12:59:00,11-09-2020,SUNDAY,66
SEP111300,507,13:00:00,13:29:00,11-09-2020,SUNDAY,91
SEP111330,508,13:30:00,13:59:00,11-09-2020,SUNDAY,75
SEP111400,509,14:00:00,14:29:00,11-09-2020,SUNDAY,150
SEP111430,510,14:30:00,14:59:00,11-09-2020,SUNDAY,119
SEP111500,511,15:00:00,15:29:00,11-09-2020,SUNDAY,41
SEP111530,512,15:30:00,15:59:00,11-09-2020,SUNDAY,80
SEP111600,513,16:00:00,16:29:00,11-09-2020,SUNDAY,102
SEP111630,514,16:30:00,16:59:00,11-09-2020,SUNDAY,116
SEP111700,515,17:00:00,17:29:00,11-09-2020,SUNDAY,86
SEP111730,516,17:30:00,17:59:00,11-09-2020,SUNDAY,134
SEP111800,517,18:00:00,18:29:00,11-09-2020,SUNDAY,73
SEP111830,518,18:30:00,18:59:00,11-09-2020,SUNDAY,184
SEP111900,519,19:00:00,19:29:00,11-09-2020,SUNDAY,7
SEP111930,520,19:30:00,19:59:00,11-09-2020,SUNDAY,52
SEP112000,521,20:00:00,20:29:00,11-09-2020,SUNDAY,99
SEP112030,522,20:30:00,20:59:00,11-09-2020,SUNDAY,167
SEP112100,523,21:00:00,21:29:00,11-09-2020,SUNDAY,44
SEP112130,524,21:30:00,21:59:00,11-09-2020,SUNDAY,76
SEP112200,525,22:00:00,22:29:00,11-09-2020,SUNDAY,175
SEP112230,526,22:30:00,22:59:00,11-09-2020,SUNDAY,97
SEP112300,527,23:00:00,23:29:00,11-09-2020,SUNDAY,7
SEP112330,528,23:30:00,23:59:00,11-09-2020,SUNDAY,129
SEP120000,529,0:00:00,0:29:00,12-09-2020,MONDAY,193
SEP120030,530,0:30:00,0:59:00,12-09-2020,MONDAY,108
SEP120100,531,1:00:00,1:29:00,12-09-2020,MONDAY,99
SEP120130,532,1:30:00,1:59:00,12-09-2020,MONDAY,16
SEP120200,533,2:00:00,2:29:00,12-09-2020,MONDAY,116
SEP120230,534,2:30:00,2:59:00,12-09-2020,MONDAY,91
SEP120300,535,3:00:00,3:29:00,12-09-2020,MONDAY,196
SEP120330,536,3:30:00,3:59:00,12-09-2020,MONDAY,123
SEP120400,537,4:00:00,4:29:00,12-09-2020,MONDAY,108
SEP120430,538,4:30:00,4:59:00,12-09-2020,MONDAY,90
SEP120500,539,5:00:00,5:29:00,12-09-2020,MONDAY,173
SEP120530,540,5:30:00,5:59:00,12-09-2020,MONDAY,2
SEP120600,541,6:00:00,6:29:00,12-09-2020,MONDAY,75
SEP120630,542,6:30:00,6:59:00,12-09-2020,MONDAY,103
SEP120700,543,7:00:00,7:29:00,12-09-2020,MONDAY,72
SEP120730,544,7:30:00,7:59:00,12-09-2020,MONDAY,20
SEP120800,545,8:00:00,8:29:00,12-09-2020,MONDAY,136
SEP120830,546,8:30:00,8:59:00,12-09-2020,MONDAY,198
SEP120900,547,9:00:00,9:29:00,12-09-2020,MONDAY,97
SEP120930,548,9:30:00,9:59:00,12-09-2020,MONDAY,59
SEP121000,549,10:00:00,10:29:00,12-09-2020,MONDAY,77
SEP121030,550,10:30:00,10:59:00,12-09-2020,MONDAY,21
SEP121100,551,11:00:00,11:29:00,12-09-2020,MONDAY,139
SEP121130,552,11:30:00,11:59:00,12-09-2020,MONDAY,54
SEP121200,553,12:00:00,12:29:00,12-09-2020,MONDAY,74
SEP121230,554,12:30:00,12:59:00,12-09-2020,MONDAY,157
SEP121300,555,13:00:00,13:29:00,12-09-2020,MONDAY,196
SEP121330,556,13:30:00,13:59:00,12-09-2020,MONDAY,155
SEP121400,557,14:00:00,14:29:00,12-09-2020,MONDAY,64
SEP121430,558,14:30:00,14:59:00,12-09-2020,MONDAY,54
SEP121500,559,15:00:00,15:29:00,12-09-2020,MONDAY,96
SEP121530,560,15:30:00,15:59:00,12-09-2020,MONDAY,113
SEP121600,561,16:00:00,16:29:00,12-09-2020,MONDAY,17
SEP121630,562,16:30:00,16:59:00,12-09-2020,MONDAY,125
SEP121700,563,17:00:00,17:29:00,12-09-2020,MONDAY,75
SEP121730,564,17:30:00,17:59:00,12-09-2020,MONDAY,130
SEP121800,565,18:00:00,18:29:00,12-09-2020,MONDAY,191
SEP121830,566,18:30:00,18:59:00,12-09-2020,MONDAY,116
SEP121900,567,19:00:00,19:29:00,12-09-2020,MONDAY,25
SEP121930,568,19:30:00,19:59:00,12-09-2020,MONDAY,49
SEP122000,569,20:00:00,20:29:00,12-09-2020,MONDAY,200
SEP122030,570,20:30:00,20:59:00,12-09-2020,MONDAY,90
SEP122100,571,21:00:00,21:29:00,12-09-2020,MONDAY,157
SEP122130,572,21:30:00,21:59:00,12-09-2020,MONDAY,53
SEP122200,573,22:00:00,22:29:00,12-09-2020,MONDAY,75
SEP122230,574,22:30:00,22:59:00,12-09-2020,MONDAY,119
SEP122300,575,23:00:00,23:29:00,12-09-2020,MONDAY,145
SEP122330,576,23:30:00,23:59:00,12-09-2020,MONDAY,107
SEP130000,577,0:00:00,0:29:00,13-09-2020,TUESDAY,192
SEP130030,578,0:30:00,0:59:00,13-09-2020,TUESDAY,111
SEP130100,579,1:00:00,1:29:00,13-09-2020,TUESDAY,130
SEP130130,580,1:30:00,1:59:00,13-09-2020,TUESDAY,41
SEP130200,581,2:00:00,2:29:00,13-09-2020,TUESDAY,114
SEP130230,582,2:30:00,2:59:00,13-09-2020,TUESDAY,56
SEP130300,583,3:00:00,3:29:00,13-09-2020,TUESDAY,45
SEP130330,584,3:30:00,3:59:00,13-09-2020,TUESDAY,62
SEP130400,585,4:00:00,4:29:00,13-09-2020,TUESDAY,119
SEP130430,586,4:30:00,4:59:00,13-09-2020,TUESDAY,100
SEP130500,587,5:00:00,5:29:00,13-09-2020,TUESDAY,101
SEP130530,588,5:30:00,5:59:00,13-09-2020,TUESDAY,194
SEP130600,589,6:00:00,6:29:00,13-09-2020,TUESDAY,26
SEP130630,590,6:30:00,6:59:00,13-09-2020,TUESDAY,136
SEP130700,591,7:00:00,7:29:00,13-09-2020,TUESDAY,103
SEP130730,592,7:30:00,7:59:00,13-09-2020,TUESDAY,128
SEP130800,593,8:00:00,8:29:00,13-09-2020,TUESDAY,183
SEP130830,594,8:30:00,8:59:00,13-09-2020,TUESDAY,51
SEP130900,595,9:00:00,9:29:00,13-09-2020,TUESDAY,143
SEP130930,596,9:30:00,9:59:00,13-09-2020,TUESDAY,146
SEP131000,597,10:00:00,10:29:00,13-09-2020,TUESDAY,101
SEP131030,598,10:30:00,10:59:00,13-09-2020,TUESDAY,118
SEP131100,599,11:00:00,11:29:00,13-09-2020,TUESDAY,67
SEP131130,600,11:30:00,11:59:00,13-09-2020,TUESDAY,88
SEP131200,601,12:00:00,12:29:00,13-09-2020,TUESDAY,134
SEP131230,602,12:30:00,12:59:00,13-09-2020,TUESDAY,111
SEP131300,603,13:00:00,13:29:00,13-09-2020,TUESDAY,141
SEP131330,604,13:30:00,13:59:00,13-09-2020,TUESDAY,31
SEP131400,605,14:00:00,14:29:00,13-09-2020,TUESDAY,38
SEP131430,606,14:30:00,14:59:00,13-09-2020,TUESDAY,182
SEP131500,607,15:00:00,15:29:00,13-09-2020,TUESDAY,76
SEP131530,608,15:30:00,15:59:00,13-09-2020,TUESDAY,171
SEP131600,609,16:00:00,16:29:00,13-09-2020,TUESDAY,118
SEP131630,610,16:30:00,16:59:00,13-09-2020,TUESDAY,7
SEP131700,611,17:00:00,17:29:00,13-09-2020,TUESDAY,83
SEP131730,612,17:30:00,17:59:00,13-09-2020,TUESDAY,186
SEP131800,613,18:00:00,18:29:00,13-09-2020,TUESDAY,1
SEP131830,614,18:30:00,18:59:00,13-09-2020,TUESDAY,13
SEP131900,615,19:00:00,19:29:00,13-09-2020,TUESDAY,170
SEP131930,616,19:30:00,19:59:00,13-09-2020,TUESDAY,111
SEP132000,617,20:00:00,20:29:00,13-09-2020,TUESDAY,107
SEP132030,618,20:30:00,20:59:00,13-09-2020,TUESDAY,20
SEP132100,619,21:00:00,21:29:00,13-09-2020,TUESDAY,80
SEP132130,620,21:30:00,21:59:00,13-09-2020,TUESDAY,41
SEP132200,621,22:00:00,22:29:00,13-09-2020,TUESDAY,163
SEP132230,622,22:30:00,22:59:00,13-09-2020,TUESDAY,137
SEP132300,623,23:00:00,23:29:00,13-09-2020,TUESDAY,7
SEP132330,624,23:30:00,23:59:00,13-09-2020,TUESDAY,83
SEP140000,625,0:00:00,0:29:00,14-09-2020,WEDNESDAY,84
SEP140030,626,0:30:00,0:59:00,14-09-2020,WEDNESDAY,112
SEP140100,627,1:00:00,1:29:00,14-09-2020,WEDNESDAY,44
SEP140130,628,1:30:00,1:59:00,14-09-2020,WEDNESDAY,41
SEP140200,629,2:00:00,2:29:00,14-09-2020,WEDNESDAY,90
SEP140230,630,2:30:00,2:59:00,14-09-2020,WEDNESDAY,195
SEP140300,631,3:00:00,3:29:00,14-09-2020,WEDNESDAY,135
SEP140330,632,3:30:00,3:59:00,14-09-2020,WEDNESDAY,102
SEP140400,633,4:00:00,4:29:00,14-09-2020,WEDNESDAY,23
SEP140430,634,4:30:00,4:59:00,14-09-2020,WEDNESDAY,63
SEP140500,635,5:00:00,5:29:00,14-09-2020,WEDNESDAY,28
SEP140530,636,5:30:00,5:59:00,14-09-2020,WEDNESDAY,171
SEP140600,637,6:00:00,6:29:00,14-09-2020,WEDNESDAY,197
SEP140630,638,6:30:00,6:59:00,14-09-2020,WEDNESDAY,163
SEP140700,639,7:00:00,7:29:00,14-09-2020,WEDNESDAY,128
SEP140730,640,7:30:00,7:59:00,14-09-2020,WEDNESDAY,138
SEP140800,641,8:00:00,8:29:00,14-09-2020,WEDNESDAY,113
SEP140830,642,8:30:00,8:59:00,14-09-2020,WEDNESDAY,189
SEP140900,643,9:00:00,9:29:00,14-09-2020,WEDNESDAY,24
SEP140930,644,9:30:00,9:59:00,14-09-2020,WEDNESDAY,91
SEP141000,645,10:00:00,10:29:00,14-09-2020,WEDNESDAY,27
SEP141030,646,10:30:00,10:59:00,14-09-2020,WEDNESDAY,53
SEP141100,647,11:00:00,11:29:00,14-09-2020,WEDNESDAY,17
SEP141130,648,11:30:00,11:59:00,14-09-2020,WEDNESDAY,25
SEP141200,649,12:00:00,12:29:00,14-09-2020,WEDNESDAY,97
SEP141230,650,12:30:00,12:59:00,14-09-2020,WEDNESDAY,3
SEP141300,651,13:00:00,13:29:00,14-09-2020,WEDNESDAY,100
SEP141330,652,13:30:00,13:59:00,14-09-2020,WEDNESDAY,84
SEP141400,653,14:00:00,14:29:00,14-09-2020,WEDNESDAY,81
SEP141430,654,14:30:00,14:59:00,14-09-2020,WEDNESDAY,135
SEP141500,655,15:00:00,15:29:00,14-09-2020,WEDNESDAY,3
SEP141530,656,15:30:00,15:59:00,14-09-2020,WEDNESDAY,164
SEP141600,657,16:00:00,16:29:00,14-09-2020,WEDNESDAY,34
SEP141630,658,16:30:00,16:59:00,14-09-2020,WEDNESDAY,60
SEP141700,659,17:00:00,17:29:00,14-09-2020,WEDNESDAY,109
SEP141730,660,17:30:00,17:59:00,14-09-2020,WEDNESDAY,95
SEP141800,661,18:00:00,18:29:00,14-09-2020,WEDNESDAY,102
SEP141830,662,18:30:00,18:59:00,14-09-2020,WEDNESDAY,57
SEP141900,663,19:00:00,19:29:00,14-09-2020,WEDNESDAY,175
SEP141930,664,19:30:00,19:59:00,14-09-2020,WEDNESDAY,89
SEP142000,665,20:00:00,20:29:00,14-09-2020,WEDNESDAY,92
SEP142030,666,20:30:00,20:59:00,14-09-2020,WEDNESDAY,176
SEP142100,667,21:00:00,21:29:00,14-09-2020,WEDNESDAY,125
SEP142130,668,21:30:00,21:59:00,14-09-2020,WEDNESDAY,6
SEP142200,669,22:00:00,22:29:00,14-09-2020,WEDNESDAY,190
SEP142230,670,22:30:00,22:59:00,14-09-2020,WEDNESDAY,21
SEP142300,671,23:00:00,23:29:00,14-09-2020,WEDNESDAY,143
SEP142330,672,23:30:00,23:59:00,14-09-2020,WEDNESDAY,18
SEP150000,673,0:00:00,0:29:00,15-09-2020,THURSDAY,53
SEP150030,674,0:30:00,0:59:00,15-09-2020,THURSDAY,13
SEP150100,675,1:00:00,1:29:00,15-09-2020,THURSDAY,52
SEP150130,676,1:30:00,1:59:00,15-09-2020,THURSDAY,30
SEP150200,677,2:00:00,2:29:00,15-09-2020,THURSDAY,186
SEP150230,678,2:30:00,2:59:00,15-09-2020,THURSDAY,36
SEP150300,679,3:00:00,3:29:00,15-09-2020,THURSDAY,83
SEP150330,680,3:30:00,3:59:00,15-09-2020,THURSDAY,68
SEP150400,681,4:00:00,4:29:00,15-09-2020,THURSDAY,191
SEP150430,682,4:30:00,4:59:00,15-09-2020,THURSDAY,80
SEP150500,683,5:00:00,5:29:00,15-09-2020,THURSDAY,76
SEP150530,684,5:30:00,5:59:00,15-09-2020,THURSDAY,72
SEP150600,685,6:00:00,6:29:00,15-09-2020,THURSDAY,194
SEP150630,686,6:30:00,6:59:00,15-09-2020,THURSDAY,78
SEP150700,687,7:00:00,7:29:00,15-09-2020,THURSDAY,142
SEP150730,688,7:30:00,7:59:00,15-09-2020,THURSDAY,36
SEP150800,689,8:00:00,8:29:00,15-09-2020,THURSDAY,18
SEP150830,690,8:30:00,8:59:00,15-09-2020,THURSDAY,200
SEP150900,691,9:00:00,9:29:00,15-09-2020,THURSDAY,133
SEP150930,692,9:30:00,9:59:00,15-09-2020,THURSDAY,103
SEP151000,693,10:00:00,10:29:00,15-09-2020,THURSDAY,135
SEP151030,694,10:30:00,10:59:00,15-09-2020,THURSDAY,53
SEP151100,695,11:00:00,11:29:00,15-09-2020,THURSDAY,182
SEP151130,696,11:30:00,11:59:00,15-09-2020,THURSDAY,127
SEP151200,697,12:00:00,12:29:00,15-09-2020,THURSDAY,48
SEP151230,698,12:30:00,12:59:00,15-09-2020,THURSDAY,62
SEP151300,699,13:00:00,13:29:00,15-09-2020,THURSDAY,181
SEP151330,700,13:30:00,13:59:00,15-09-2020,THURSDAY,39
SEP151400,701,14:00:00,14:29:00,15-09-2020,THURSDAY,50
SEP151430,702,14:30:00,14:59:00,15-09-2020,THURSDAY,179
SEP151500,703,15:00:00,15:29:00,15-09-2020,THURSDAY,90
SEP151530,704,15:30:00,15:59:00,15-09-2020,THURSDAY,42
SEP151600,705,16:00:00,16:29:00,15-09-2020,THURSDAY,192
SEP151630,706,16:30:00,16:59:00,15-09-2020,THURSDAY,149
SEP151700,707,17:00:00,17:29:00,15-09-2020,THURSDAY,181
SEP151730,708,17:30:00,17:59:00,15-09-2020,THURSDAY,39
SEP151800,709,18:00:00,18:29:00,15-09-2020,THURSDAY,61
SEP151830,710,18:30:00,18:59:00,15-09-2020,THURSDAY,159
SEP151900,711,19:00:00,19:29:00,15-09-2020,THURSDAY,27
SEP151930,712,19:30:00,19:59:00,15-09-2020,THURSDAY,32
SEP152000,713,20:00:00,20:29:00,15-09-2020,THURSDAY,19
SEP152030,714,20:30:00,20:59:00,15-09-2020,THURSDAY,59
SEP152100,715,21:00:00,21:29:00,15-09-2020,THURSDAY,165
SEP152130,716,21:30:00,21:59:00,15-09-2020,THURSDAY,48
SEP152200,717,22:00:00,22:29:00,15-09-2020,THURSDAY,51
SEP152230,718,22:30:00,22:59:00,15-09-2020,THURSDAY,1
SEP152300,719,23:00:00,23:29:00,15-09-2020,THURSDAY,78
SEP152330,720,23:30:00,23:59:00,15-09-2020,THURSDAY,87
SEP160000,721,0:00:00,0:29:00,16-09-2020,FRIDAY,116
SEP160030,722,0:30:00,0:59:00,16-09-2020,FRIDAY,8
SEP160100,723,1:00:00,1:29:00,16-09-2020,FRIDAY,37
SEP160130,724,1:30:00,1:59:00,16-09-2020,FRIDAY,148
SEP160200,725,2:00:00,2:29:00,16-09-2020,FRIDAY,66
SEP160230,726,2:30:00,2:59:00,16-09-2020,FRIDAY,66
SEP160300,727,3:00:00,3:29:00,16-09-2020,FRIDAY,92
SEP160330,728,3:30:00,3:59:00,16-09-2020,FRIDAY,190
SEP160400,729,4:00:00,4:29:00,16-09-2020,FRIDAY,6
SEP160430,730,4:30:00,4:59:00,16-09-2020,FRIDAY,60
SEP160500,731,5:00:00,5:29:00,16-09-2020,FRIDAY,121
SEP160530,732,5:30:00,5:59:00,16-09-2020,FRIDAY,160
SEP160600,733,6:00:00,6:29:00,16-09-2020,FRIDAY,41
SEP160630,734,6:30:00,6:59:00,16-09-2020,FRIDAY,171
SEP160700,735,7:00:00,7:29:00,16-09-2020,FRIDAY,148
SEP160730,736,7:30:00,7:59:00,16-09-2020,FRIDAY,162
SEP160800,737,8:00:00,8:29:00,16-09-2020,FRIDAY,78
SEP160830,738,8:30:00,8:59:00,16-09-2020,FRIDAY,172
SEP160900,739,9:00:00,9:29:00,16-09-2020,FRIDAY,142
SEP160930,740,9:30:00,9:59:00,16-09-2020,FRIDAY,20
SEP161000,741,10:00:00,10:29:00,16-09-2020,FRIDAY,142
SEP161030,742,10:30:00,10:59:00,16-09-2020,FRIDAY,27
SEP161100,743,11:00:00,11:29:00,16-09-2020,FRIDAY,29
SEP161130,744,11:30:00,11:59:00,16-09-2020,FRIDAY,72
SEP161200,745,12:00:00,12:29:00,16-09-2020,FRIDAY,3
SEP161230,746,12:30:00,12:59:00,16-09-2020,FRIDAY,131
SEP161300,747,13:00:00,13:29:00,16-09-2020,FRIDAY,176
SEP161330,748,13:30:00,13:59:00,16-09-2020,FRIDAY,88
SEP161400,749,14:00:00,14:29:00,16-09-2020,FRIDAY,178
SEP161430,750,14:30:00,14:59:00,16-09-2020,FRIDAY,174
SEP161500,751,15:00:00,15:29:00,16-09-2020,FRIDAY,42
SEP161530,752,15:30:00,15:59:00,16-09-2020,FRIDAY,43
SEP161600,753,16:00:00,16:29:00,16-09-2020,FRIDAY,5
SEP161630,754,16:30:00,16:59:00,16-09-2020,FRIDAY,162
SEP161700,755,17:00:00,17:29:00,16-09-2020,FRIDAY,69
SEP161730,756,17:30:00,17:59:00,16-09-2020,FRIDAY,108
SEP161800,757,18:00:00,18:29:00,16-09-2020,FRIDAY,161
SEP161830,758,18:30:00,18:59:00,16-09-2020,FRIDAY,5
SEP161900,759,19:00:00,19:29:00,16-09-2020,FRIDAY,139
SEP161930,760,19:30:00,19:59:00,16-09-2020,FRIDAY,37
SEP162000,761,20:00:00,20:29:00,16-09-2020,FRIDAY,72
SEP162030,762,20:30:00,20:59:00,16-09-2020,FRIDAY,167
SEP162100,763,21:00:00,21:29:00,16-09-2020,FRIDAY,171
SEP162130,764,21:30:00,21:59:00,16-09-2020,FRIDAY,178
SEP162200,765,22:00:00,22:29:00,16-09-2020,FRIDAY,22
SEP162230,766,22:30:00,22:59:00,16-09-2020,FRIDAY,13
SEP162300,767,23:00:00,23:29:00,16-09-2020,FRIDAY,75
SEP162330,768,23:30:00,23:59:00,16-09-2020,FRIDAY,46
SEP170000,769,0:00:00,0:29:00,17-09-2020,SATURDAY,42
SEP170030,770,0:30:00,0:59:00,17-09-2020,SATURDAY,100
SEP170100,771,1:00:00,1:29:00,17-09-2020,SATURDAY,12
SEP170130,772,1:30:00,1:59:00,17-09-2020,SATURDAY,67
SEP170200,773,2:00:00,2:29:00,17-09-2020,SATURDAY,182
SEP170230,774,2:30:00,2:59:00,17-09-2020,SATURDAY,188
SEP170300,775,3:00:00,3:29:00,17-09-2020,SATURDAY,140
SEP170330,776,3:30:00,3:59:00,17-09-2020,SATURDAY,50
SEP170400,777,4:00:00,4:29:00,17-09-2020,SATURDAY,187
SEP170430,778,4:30:00,4:59:00,17-09-2020,SATURDAY,33
SEP170500,779,5:00:00,5:29:00,17-09-2020,SATURDAY,9
SEP170530,780,5:30:00,5:59:00,17-09-2020,SATURDAY,76
SEP170600,781,6:00:00,6:29:00,17-09-2020,SATURDAY,121
SEP170630,782,6:30:00,6:59:00,17-09-2020,SATURDAY,168
SEP170700,783,7:00:00,7:29:00,17-09-2020,SATURDAY,85
SEP170730,784,7:30:00,7:59:00,17-09-2020,SATURDAY,33
SEP170800,785,8:00:00,8:29:00,17-09-2020,SATURDAY,166
SEP170830,786,8:30:00,8:59:00,17-09-2020,SATURDAY,152
SEP170900,787,9:00:00,9:29:00,17-09-2020,SATURDAY,13
SEP170930,788,9:30:00,9:59:00,17-09-2020,SATURDAY,90
SEP171000,789,10:00:00,10:29:00,17-09-2020,SATURDAY,127
SEP171030,790,10:30:00,10:59:00,17-09-2020,SATURDAY,100
SEP171100,791,11:00:00,11:29:00,17-09-2020,SATURDAY,55
SEP171130,792,11:30:00,11:59:00,17-09-2020,SATURDAY,85
SEP171200,793,12:00:00,12:29:00,17-09-2020,SATURDAY,68
SEP171230,794,12:30:00,12:59:00,17-09-2020,SATURDAY,66
SEP171300,795,13:00:00,13:29:00,17-09-2020,SATURDAY,149
SEP171330,796,13:30:00,13:59:00,17-09-2020,SATURDAY,82
SEP171400,797,14:00:00,14:29:00,17-09-2020,SATURDAY,141
SEP171430,798,14:30:00,14:59:00,17-09-2020,SATURDAY,34
SEP171500,799,15:00:00,15:29:00,17-09-2020,SATURDAY,134
SEP171530,800,15:30:00,15:59:00,17-09-2020,SATURDAY,51
SEP171600,801,16:00:00,16:29:00,17-09-2020,SATURDAY,54
SEP171630,802,16:30:00,16:59:00,17-09-2020,SATURDAY,84
SEP171700,803,17:00:00,17:29:00,17-09-2020,SATURDAY,154
SEP171730,804,17:30:00,17:59:00,17-09-2020,SATURDAY,160
SEP171800,805,18:00:00,18:29:00,17-09-2020,SATURDAY,19
SEP171830,806,18:30:00,18:59:00,17-09-2020,SATURDAY,85
SEP171900,807,19:00:00,19:29:00,17-09-2020,SATURDAY,134
SEP171930,808,19:30:00,19:59:00,17-09-2020,SATURDAY,4
SEP172000,809,20:00:00,20:29:00,17-09-2020,SATURDAY,159
SEP172030,810,20:30:00,20:59:00,17-09-2020,SATURDAY,133
SEP172100,811,21:00:00,21:29:00,17-09-2020,SATURDAY,56
SEP172130,812,21:30:00,21:59:00,17-09-2020,SATURDAY,137
SEP172200,813,22:00:00,22:29:00,17-09-2020,SATURDAY,123
SEP172230,814,22:30:00,22:59:00,17-09-2020,SATURDAY,167
SEP172300,815,23:00:00,23:29:00,17-09-2020,SATURDAY,54
SEP172330,816,23:30:00,23:59:00,17-09-2020,SATURDAY,119
SEP180000,817,0:00:00,0:29:00,18-09-2020,SUNDAY,66
SEP180030,818,0:30:00,0:59:00,18-09-2020,SUNDAY,169
SEP180100,819,1:00:00,1:29:00,18-09-2020,SUNDAY,182
SEP180130,820,1:30:00,1:59:00,18-09-2020,SUNDAY,156
SEP180200,821,2:00:00,2:29:00,18-09-2020,SUNDAY,137
SEP180230,822,2:30:00,2:59:00,18-09-2020,SUNDAY,3
SEP180300,823,3:00:00,3:29:00,18-09-2020,SUNDAY,23
SEP180330,824,3:30:00,3:59:00,18-09-2020,SUNDAY,10
SEP180400,825,4:00:00,4:29:00,18-09-2020,SUNDAY,43
SEP180430,826,4:30:00,4:59:00,18-09-2020,SUNDAY,182
SEP180500,827,5:00:00,5:29:00,18-09-2020,SUNDAY,39
SEP180530,828,5:30:00,5:59:00,18-09-2020,SUNDAY,130
SEP180600,829,6:00:00,6:29:00,18-09-2020,SUNDAY,2
SEP180630,830,6:30:00,6:59:00,18-09-2020,SUNDAY,142
SEP180700,831,7:00:00,7:29:00,18-09-2020,SUNDAY,61
SEP180730,832,7:30:00,7:59:00,18-09-2020,SUNDAY,146
SEP180800,833,8:00:00,8:29:00,18-09-2020,SUNDAY,82
SEP180830,834,8:30:00,8:59:00,18-09-2020,SUNDAY,85
SEP180900,835,9:00:00,9:29:00,18-09-2020,SUNDAY,149
SEP180930,836,9:30:00,9:59:00,18-09-2020,SUNDAY,70
SEP181000,837,10:00:00,10:29:00,18-09-2020,SUNDAY,170
SEP181030,838,10:30:00,10:59:00,18-09-2020,SUNDAY,128
SEP181100,839,11:00:00,11:29:00,18-09-2020,SUNDAY,45
SEP181130,840,11:30:00,11:59:00,18-09-2020,SUNDAY,173
SEP181200,841,12:00:00,12:29:00,18-09-2020,SUNDAY,100
SEP181230,842,12:30:00,12:59:00,18-09-2020,SUNDAY,36
SEP181300,843,13:00:00,13:29:00,18-09-2020,SUNDAY,38
SEP181330,844,13:30:00,13:59:00,18-09-2020,SUNDAY,148
SEP181400,845,14:00:00,14:29:00,18-09-2020,SUNDAY,133
SEP181430,846,14:30:00,14:59:00,18-09-2020,SUNDAY,52
SEP181500,847,15:00:00,15:29:00,18-09-2020,SUNDAY,122
SEP181530,848,15:30:00,15:59:00,18-09-2020,SUNDAY,198
SEP181600,849,16:00:00,16:29:00,18-09-2020,SUNDAY,72
SEP181630,850,16:30:00,16:59:00,18-09-2020,SUNDAY,169
SEP181700,851,17:00:00,17:29:00,18-09-2020,SUNDAY,119
SEP181730,852,17:30:00,17:59:00,18-09-2020,SUNDAY,14
SEP181800,853,18:00:00,18:29:00,18-09-2020,SUNDAY,162
SEP181830,854,18:30:00,18:59:00,18-09-2020,SUNDAY,164
SEP181900,855,19:00:00,19:29:00,18-09-2020,SUNDAY,91
SEP181930,856,19:30:00,19:59:00,18-09-2020,SUNDAY,28
SEP182000,857,20:00:00,20:29:00,18-09-2020,SUNDAY,176
SEP182030,858,20:30:00,20:59:00,18-09-2020,SUNDAY,103
SEP182100,859,21:00:00,21:29:00,18-09-2020,SUNDAY,200
SEP182130,860,21:30:00,21:59:00,18-09-2020,SUNDAY,169
SEP182200,861,22:00:00,22:29:00,18-09-2020,SUNDAY,156
SEP182230,862,22:30:00,22:59:00,18-09-2020,SUNDAY,186
SEP182300,863,23:00:00,23:29:00,18-09-2020,SUNDAY,123
SEP182330,864,23:30:00,23:59:00,18-09-2020,SUNDAY,22
SEP190000,865,0:00:00,0:29:00,19-09-2020,MONDAY,97
SEP190030,866,0:30:00,0:59:00,19-09-2020,MONDAY,74
SEP190100,867,1:00:00,1:29:00,19-09-2020,MONDAY,85
SEP190130,868,1:30:00,1:59:00,19-09-2020,MONDAY,61
SEP190200,869,2:00:00,2:29:00,19-09-2020,MONDAY,36
SEP190230,870,2:30:00,2:59:00,19-09-2020,MONDAY,188
SEP190300,871,3:00:00,3:29:00,19-09-2020,MONDAY,111
SEP190330,872,3:30:00,3:59:00,19-09-2020,MONDAY,7
SEP190400,873,4:00:00,4:29:00,19-09-2020,MONDAY,123
SEP190430,874,4:30:00,4:59:00,19-09-2020,MONDAY,40
SEP190500,875,5:00:00,5:29:00,19-09-2020,MONDAY,144
SEP190530,876,5:30:00,5:59:00,19-09-2020,MONDAY,123
SEP190600,877,6:00:00,6:29:00,19-09-2020,MONDAY,165
SEP190630,878,6:30:00,6:59:00,19-09-2020,MONDAY,26
SEP190700,879,7:00:00,7:29:00,19-09-2020,MONDAY,194
SEP190730,880,7:30:00,7:59:00,19-09-2020,MONDAY,99
SEP190800,881,8:00:00,8:29:00,19-09-2020,MONDAY,76
SEP190830,882,8:30:00,8:59:00,19-09-2020,MONDAY,21
SEP190900,883,9:00:00,9:29:00,19-09-2020,MONDAY,70
SEP190930,884,9:30:00,9:59:00,19-09-2020,MONDAY,195
SEP191000,885,10:00:00,10:29:00,19-09-2020,MONDAY,6
SEP191030,886,10:30:00,10:59:00,19-09-2020,MONDAY,117
SEP191100,887,11:00:00,11:29:00,19-09-2020,MONDAY,198
SEP191130,888,11:30:00,11:59:00,19-09-2020,MONDAY,126
SEP191200,889,12:00:00,12:29:00,19-09-2020,MONDAY,180
SEP191230,890,12:30:00,12:59:00,19-09-2020,MONDAY,82
SEP191300,891,13:00:00,13:29:00,19-09-2020,MONDAY,173
SEP191330,892,13:30:00,13:59:00,19-09-2020,MONDAY,107
SEP191400,893,14:00:00,14:29:00,19-09-2020,MONDAY,142
SEP191430,894,14:30:00,14:59:00,19-09-2020,MONDAY,188
SEP191500,895,15:00:00,15:29:00,19-09-2020,MONDAY,68
SEP191530,896,15:30:00,15:59:00,19-09-2020,MONDAY,92
SEP191600,897,16:00:00,16:29:00,19-09-2020,MONDAY,83
SEP191630,898,16:30:00,16:59:00,19-09-2020,MONDAY,175
SEP191700,899,17:00:00,17:29:00,19-09-2020,MONDAY,3
SEP191730,900,17:30:00,17:59:00,19-09-2020,MONDAY,134
SEP191800,901,18:00:00,18:29:00,19-09-2020,MONDAY,21
SEP191830,902,18:30:00,18:59:00,19-09-2020,MONDAY,144
SEP191900,903,19:00:00,19:29:00,19-09-2020,MONDAY,53
SEP191930,904,19:30:00,19:59:00,19-09-2020,MONDAY,131
SEP192000,905,20:00:00,20:29:00,19-09-2020,MONDAY,171
SEP192030,906,20:30:00,20:59:00,19-09-2020,MONDAY,34
SEP192100,907,21:00:00,21:29:00,19-09-2020,MONDAY,118
SEP192130,908,21:30:00,21:59:00,19-09-2020,MONDAY,68
SEP192200,909,22:00:00,22:29:00,19-09-2020,MONDAY,131
SEP192230,910,22:30:00,22:59:00,19-09-2020,MONDAY,147
SEP192300,911,23:00:00,23:29:00,19-09-2020,MONDAY,173
SEP192330,912,23:30:00,23:59:00,19-09-2020,MONDAY,176
SEP200000,913,0:00:00,0:29:00,20-09-2020,TUESDAY,89
SEP200030,914,0:30:00,0:59:00,20-09-2020,TUESDAY,67
SEP200100,915,1:00:00,1:29:00,20-09-2020,TUESDAY,120
SEP200130,916,1:30:00,1:59:00,20-09-2020,TUESDAY,166
SEP200200,917,2:00:00,2:29:00,20-09-2020,TUESDAY,193
SEP200230,918,2:30:00,2:59:00,20-09-2020,TUESDAY,155
SEP200300,919,3:00:00,3:29:00,20-09-2020,TUESDAY,148
SEP200330,920,3:30:00,3:59:00,20-09-2020,TUESDAY,40
SEP200400,921,4:00:00,4:29:00,20-09-2020,TUESDAY,178
SEP200430,922,4:30:00,4:59:00,20-09-2020,TUESDAY,109
SEP200500,923,5:00:00,5:29:00,20-09-2020,TUESDAY,123
SEP200530,924,5:30:00,5:59:00,20-09-2020,TUESDAY,75
SEP200600,925,6:00:00,6:29:00,20-09-2020,TUESDAY,1
SEP200630,926,6:30:00,6:59:00,20-09-2020,TUESDAY,21
SEP200700,927,7:00:00,7:29:00,20-09-2020,TUESDAY,80
SEP200730,928,7:30:00,7:59:00,20-09-2020,TUESDAY,181
SEP200800,929,8:00:00,8:29:00,20-09-2020,TUESDAY,9
SEP200830,930,8:30:00,8:59:00,20-09-2020,TUESDAY,14
SEP200900,931,9:00:00,9:29:00,20-09-2020,TUESDAY,102
SEP200930,932,9:30:00,9:59:00,20-09-2020,TUESDAY,85
SEP201000,933,10:00:00,10:29:00,20-09-2020,TUESDAY,21
SEP201030,934,10:30:00,10:59:00,20-09-2020,TUESDAY,173
SEP201100,935,11:00:00,11:29:00,20-09-2020,TUESDAY,158
SEP201130,936,11:30:00,11:59:00,20-09-2020,TUESDAY,198
SEP201200,937,12:00:00,12:29:00,20-09-2020,TUESDAY,14
SEP201230,938,12:30:00,12:59:00,20-09-2020,TUESDAY,167
SEP201300,939,13:00:00,13:29:00,20-09-2020,TUESDAY,34
SEP201330,940,13:30:00,13:59:00,20-09-2020,TUESDAY,29
SEP201400,941,14:00:00,14:29:00,20-09-2020,TUESDAY,28
SEP201430,942,14:30:00,14:59:00,20-09-2020,TUESDAY,160
SEP201500,943,15:00:00,15:29:00,20-09-2020,TUESDAY,86
SEP201530,944,15:30:00,15:59:00,20-09-2020,TUESDAY,84
SEP201600,945,16:00:00,16:29:00,20-09-2020,TUESDAY,184
SEP201630,946,16:30:00,16:59:00,20-09-2020,TUESDAY,21
SEP201700,947,17:00:00,17:29:00,20-09-2020,TUESDAY,103
SEP201730,948,17:30:00,17:59:00,20-09-2020,TUESDAY,81
SEP201800,949,18:00:00,18:29:00,20-09-2020,TUESDAY,55
SEP201830,950,18:30:00,18:59:00,20-09-2020,TUESDAY,55
SEP201900,951,19:00:00,19:29:00,20-09-2020,TUESDAY,41
SEP201930,952,19:30:00,19:59:00,20-09-2020,TUESDAY,8
SEP202000,953,20:00:00,20:29:00,20-09-2020,TUESDAY,50
SEP202030,954,20:30:00,20:59:00,20-09-2020,TUESDAY,72
SEP202100,955,21:00:00,21:29:00,20-09-2020,TUESDAY,135
SEP202130,956,21:30:00,21:59:00,20-09-2020,TUESDAY,156
SEP202200,957,22:00:00,22:29:00,20-09-2020,TUESDAY,79
SEP202230,958,22:30:00,22:59:00,20-09-2020,TUESDAY,59
SEP202300,959,23:00:00,23:29:00,20-09-2020,TUESDAY,107
SEP202330,960,23:30:00,23:59:00,20-09-2020,TUESDAY,46
SEP210000,961,0:00:00,0:29:00,21-09-2020,WEDNESDAY,133
SEP210030,962,0:30:00,0:59:00,21-09-2020,WEDNESDAY,109
SEP210100,963,1:00:00,1:29:00,21-09-2020,WEDNESDAY,43
SEP210130,964,1:30:00,1:59:00,21-09-2020,WEDNESDAY,80
SEP210200,965,2:00:00,2:29:00,21-09-2020,WEDNESDAY,110
SEP210230,966,2:30:00,2:59:00,21-09-2020,WEDNESDAY,49
SEP210300,967,3:00:00,3:29:00,21-09-2020,WEDNESDAY,36
SEP210330,968,3:30:00,3:59:00,21-09-2020,WEDNESDAY,158
SEP210400,969,4:00:00,4:29:00,21-09-2020,WEDNESDAY,179
SEP210430,970,4:30:00,4:59:00,21-09-2020,WEDNESDAY,40
SEP210500,971,5:00:00,5:29:00,21-09-2020,WEDNESDAY,3
SEP210530,972,5:30:00,5:59:00,21-09-2020,WEDNESDAY,32
SEP210600,973,6:00:00,6:29:00,21-09-2020,WEDNESDAY,8
SEP210630,974,6:30:00,6:59:00,21-09-2020,WEDNESDAY,120
SEP210700,975,7:00:00,7:29:00,21-09-2020,WEDNESDAY,109
SEP210730,976,7:30:00,7:59:00,21-09-2020,WEDNESDAY,137
SEP210800,977,8:00:00,8:29:00,21-09-2020,WEDNESDAY,25
SEP210830,978,8:30:00,8:59:00,21-09-2020,WEDNESDAY,25
SEP210900,979,9:00:00,9:29:00,21-09-2020,WEDNESDAY,102
SEP210930,980,9:30:00,9:59:00,21-09-2020,WEDNESDAY,141
SEP211000,981,10:00:00,10:29:00,21-09-2020,WEDNESDAY,52
SEP211030,982,10:30:00,10:59:00,21-09-2020,WEDNESDAY,4
SEP211100,983,11:00:00,11:29:00,21-09-2020,WEDNESDAY,135
SEP211130,984,11:30:00,11:59:00,21-09-2020,WEDNESDAY,124
SEP211200,985,12:00:00,12:29:00,21-09-2020,WEDNESDAY,196
SEP211230,986,12:30:00,12:59:00,21-09-2020,WEDNESDAY,137
SEP211300,987,13:00:00,13:29:00,21-09-2020,WEDNESDAY,48
SEP211330,988,13:30:00,13:59:00,21-09-2020,WEDNESDAY,175
SEP211400,989,14:00:00,14:29:00,21-09-2020,WEDNESDAY,31
SEP211430,990,14:30:00,14:59:00,21-09-2020,WEDNESDAY,22
SEP211500,991,15:00:00,15:29:00,21-09-2020,WEDNESDAY,88
SEP211530,992,15:30:00,15:59:00,21-09-2020,WEDNESDAY,200
SEP211600,993,16:00:00,16:29:00,21-09-2020,WEDNESDAY,81
SEP211630,994,16:30:00,16:59:00,21-09-2020,WEDNESDAY,35
SEP211700,995,17:00:00,17:29:00,21-09-2020,WEDNESDAY,85
SEP211730,996,17:30:00,17:59:00,21-09-2020,WEDNESDAY,200
SEP211800,997,18:00:00,18:29:00,21-09-2020,WEDNESDAY,86
SEP211830,998,18:30:00,18:59:00,21-09-2020,WEDNESDAY,83
SEP211900,999,19:00:00,19:29:00,21-09-2020,WEDNESDAY,52
SEP211930,1000,19:30:00,19:59:00,21-09-2020,WEDNESDAY,158
SEP212000,1001,20:00:00,20:29:00,21-09-2020,WEDNESDAY,126
SEP212030,1002,20:30:00,20:59:00,21-09-2020,WEDNESDAY,99
SEP212100,1003,21:00:00,21:29:00,21-09-2020,WEDNESDAY,17
SEP212130,1004,21:30:00,21:59:00,21-09-2020,WEDNESDAY,24
SEP212200,1005,22:00:00,22:29:00,21-09-2020,WEDNESDAY,136
SEP212230,1006,22:30:00,22:59:00,21-09-2020,WEDNESDAY,124
SEP212300,1007,23:00:00,23:29:00,21-09-2020,WEDNESDAY,187
SEP212330,1008,23:30:00,23:59:00,21-09-2020,WEDNESDAY,74
SEP220000,1009,0:00:00,0:29:00,22-09-2020,THURSDAY,33
SEP220030,1010,0:30:00,0:59:00,22-09-2020,THURSDAY,46
SEP220100,1011,1:00:00,1:29:00,22-09-2020,THURSDAY,170
SEP220130,1012,1:30:00,1:59:00,22-09-2020,THURSDAY,101
SEP220200,1013,2:00:00,2:29:00,22-09-2020,THURSDAY,137
SEP220230,1014,2:30:00,2:59:00,22-09-2020,THURSDAY,200
SEP220300,1015,3:00:00,3:29:00,22-09-2020,THURSDAY,31
SEP220330,1016,3:30:00,3:59:00,22-09-2020,THURSDAY,99
SEP220400,1017,4:00:00,4:29:00,22-09-2020,THURSDAY,197
SEP220430,1018,4:30:00,4:59:00,22-09-2020,THURSDAY,59
SEP220500,1019,5:00:00,5:29:00,22-09-2020,THURSDAY,129
SEP220530,1020,5:30:00,5:59:00,22-09-2020,THURSDAY,159
SEP220600,1021,6:00:00,6:29:00,22-09-2020,THURSDAY,36
SEP220630,1022,6:30:00,6:59:00,22-09-2020,THURSDAY,26
SEP220700,1023,7:00:00,7:29:00,22-09-2020,THURSDAY,129
SEP220730,1024,7:30:00,7:59:00,22-09-2020,THURSDAY,126
SEP220800,1025,8:00:00,8:29:00,22-09-2020,THURSDAY,53
SEP220830,1026,8:30:00,8:59:00,22-09-2020,THURSDAY,76
SEP220900,1027,9:00:00,9:29:00,22-09-2020,THURSDAY,92
SEP220930,1028,9:30:00,9:59:00,22-09-2020,THURSDAY,25
SEP221000,1029,10:00:00,10:29:00,22-09-2020,THURSDAY,164
SEP221030,1030,10:30:00,10:59:00,22-09-2020,THURSDAY,36
SEP221100,1031,11:00:00,11:29:00,22-09-2020,THURSDAY,157
SEP221130,1032,11:30:00,11:59:00,22-09-2020,THURSDAY,147
SEP221200,1033,12:00:00,12:29:00,22-09-2020,THURSDAY,37
SEP221230,1034,12:30:00,12:59:00,22-09-2020,THURSDAY,122
SEP221300,1035,13:00:00,13:29:00,22-09-2020,THURSDAY,119
SEP221330,1036,13:30:00,13:59:00,22-09-2020,THURSDAY,77
SEP221400,1037,14:00:00,14:29:00,22-09-2020,THURSDAY,144
SEP221430,1038,14:30:00,14:59:00,22-09-2020,THURSDAY,56
SEP221500,1039,15:00:00,15:29:00,22-09-2020,THURSDAY,168
SEP221530,1040,15:30:00,15:59:00,22-09-2020,THURSDAY,18
SEP221600,1041,16:00:00,16:29:00,22-09-2020,THURSDAY,48
SEP221630,1042,16:30:00,16:59:00,22-09-2020,THURSDAY,151
SEP221700,1043,17:00:00,17:29:00,22-09-2020,THURSDAY,189
SEP221730,1044,17:30:00,17:59:00,22-09-2020,THURSDAY,156
SEP221800,1045,18:00:00,18:29:00,22-09-2020,THURSDAY,142
SEP221830,1046,18:30:00,18:59:00,22-09-2020,THURSDAY,69
SEP221900,1047,19:00:00,19:29:00,22-09-2020,THURSDAY,20
SEP221930,1048,19:30:00,19:59:00,22-09-2020,THURSDAY,58
SEP222000,1049,20:00:00,20:29:00,22-09-2020,THURSDAY,49
SEP222030,1050,20:30:00,20:59:00,22-09-2020,THURSDAY,12
SEP222100,1051,21:00:00,21:29:00,22-09-2020,THURSDAY,60
SEP222130,1052,21:30:00,21:59:00,22-09-2020,THURSDAY,83
SEP222200,1053,22:00:00,22:29:00,22-09-2020,THURSDAY,107
SEP222230,1054,22:30:00,22:59:00,22-09-2020,THURSDAY,120
SEP222300,1055,23:00:00,23:29:00,22-09-2020,THURSDAY,36
SEP222330,1056,23:30:00,23:59:00,22-09-2020,THURSDAY,33
SEP230000,1057,0:00:00,0:29:00,23-09-2020,FRIDAY,63
SEP230030,1058,0:30:00,0:59:00,23-09-2020,FRIDAY,153
SEP230100,1059,1:00:00,1:29:00,23-09-2020,FRIDAY,114
SEP230130,1060,1:30:00,1:59:00,23-09-2020,FRIDAY,169
SEP230200,1061,2:00:00,2:29:00,23-09-2020,FRIDAY,110
SEP230230,1062,2:30:00,2:59:00,23-09-2020,FRIDAY,75
SEP230300,1063,3:00:00,3:29:00,23-09-2020,FRIDAY,160
SEP230330,1064,3:30:00,3:59:00,23-09-2020,FRIDAY,176
SEP230400,1065,4:00:00,4:29:00,23-09-2020,FRIDAY,28
SEP230430,1066,4:30:00,4:59:00,23-09-2020,FRIDAY,9
SEP230500,1067,5:00:00,5:29:00,23-09-2020,FRIDAY,9
SEP230530,1068,5:30:00,5:59:00,23-09-2020,FRIDAY,159
SEP230600,1069,6:00:00,6:29:00,23-09-2020,FRIDAY,96
SEP230630,1070,6:30:00,6:59:00,23-09-2020,FRIDAY,98
SEP230700,1071,7:00:00,7:29:00,23-09-2020,FRIDAY,171
SEP230730,1072,7:30:00,7:59:00,23-09-2020,FRIDAY,48
SEP230800,1073,8:00:00,8:29:00,23-09-2020,FRIDAY,81
SEP230830,1074,8:30:00,8:59:00,23-09-2020,FRIDAY,71
SEP230900,1075,9:00:00,9:29:00,23-09-2020,FRIDAY,197
SEP230930,1076,9:30:00,9:59:00,23-09-2020,FRIDAY,120
SEP231000,1077,10:00:00,10:29:00,23-09-2020,FRIDAY,109
SEP231030,1078,10:30:00,10:59:00,23-09-2020,FRIDAY,59
SEP231100,1079,11:00:00,11:29:00,23-09-2020,FRIDAY,17
SEP231130,1080,11:30:00,11:59:00,23-09-2020,FRIDAY,57
SEP231200,1081,12:00:00,12:29:00,23-09-2020,FRIDAY,142
SEP231230,1082,12:30:00,12:59:00,23-09-2020,FRIDAY,135
SEP231300,1083,13:00:00,13:29:00,23-09-2020,FRIDAY,111
SEP231330,1084,13:30:00,13:59:00,23-09-2020,FRIDAY,9
SEP231400,1085,14:00:00,14:29:00,23-09-2020,FRIDAY,121
SEP231430,1086,14:30:00,14:59:00,23-09-2020,FRIDAY,19
SEP231500,1087,15:00:00,15:29:00,23-09-2020,FRIDAY,173
SEP231530,1088,15:30:00,15:59:00,23-09-2020,FRIDAY,63
SEP231600,1089,16:00:00,16:29:00,23-09-2020,FRIDAY,142
SEP231630,1090,16:30:00,16:59:00,23-09-2020,FRIDAY,37
SEP231700,1091,17:00:00,17:29:00,23-09-2020,FRIDAY,68
SEP231730,1092,17:30:00,17:59:00,23-09-2020,FRIDAY,155
SEP231800,1093,18:00:00,18:29:00,23-09-2020,FRIDAY,169
SEP231830,1094,18:30:00,18:59:00,23-09-2020,FRIDAY,126
SEP231900,1095,19:00:00,19:29:00,23-09-2020,FRIDAY,93
SEP231930,1096,19:30:00,19:59:00,23-09-2020,FRIDAY,169
SEP232000,1097,20:00:00,20:29:00,23-09-2020,FRIDAY,56
SEP232030,1098,20:30:00,20:59:00,23-09-2020,FRIDAY,129
SEP232100,1099,21:00:00,21:29:00,23-09-2020,FRIDAY,69
SEP232130,1100,21:30:00,21:59:00,23-09-2020,FRIDAY,6
SEP232200,1101,22:00:00,22:29:00,23-09-2020,FRIDAY,200
SEP232230,1102,22:30:00,22:59:00,23-09-2020,FRIDAY,198
SEP232300,1103,23:00:00,23:29:00,23-09-2020,FRIDAY,175
SEP232330,1104,23:30:00,23:59:00,23-09-2020,FRIDAY,155
SEP240000,1105,0:00:00,0:29:00,24-09-2020,SATURDAY,109
SEP240030,1106,0:30:00,0:59:00,24-09-2020,SATURDAY,124
SEP240100,1107,1:00:00,1:29:00,24-09-2020,SATURDAY,29
SEP240130,1108,1:30:00,1:59:00,24-09-2020,SATURDAY,73
SEP240200,1109,2:00:00,2:29:00,24-09-2020,SATURDAY,104
SEP240230,1110,2:30:00,2:59:00,24-09-2020,SATURDAY,79
SEP240300,1111,3:00:00,3:29:00,24-09-2020,SATURDAY,180
SEP240330,1112,3:30:00,3:59:00,24-09-2020,SATURDAY,136
SEP240400,1113,4:00:00,4:29:00,24-09-2020,SATURDAY,186
SEP240430,1114,4:30:00,4:59:00,24-09-2020,SATURDAY,198
SEP240500,1115,5:00:00,5:29:00,24-09-2020,SATURDAY,28
SEP240530,1116,5:30:00,5:59:00,24-09-2020,SATURDAY,82
SEP240600,1117,6:00:00,6:29:00,24-09-2020,SATURDAY,162
SEP240630,1118,6:30:00,6:59:00,24-09-2020,SATURDAY,174
SEP240700,1119,7:00:00,7:29:00,24-09-2020,SATURDAY,154
SEP240730,1120,7:30:00,7:59:00,24-09-2020,SATURDAY,111
SEP240800,1121,8:00:00,8:29:00,24-09-2020,SATURDAY,172
SEP240830,1122,8:30:00,8:59:00,24-09-2020,SATURDAY,140
SEP240900,1123,9:00:00,9:29:00,24-09-2020,SATURDAY,75
SEP240930,1124,9:30:00,9:59:00,24-09-2020,SATURDAY,75
SEP241000,1125,10:00:00,10:29:00,24-09-2020,SATURDAY,145
SEP241030,1126,10:30:00,10:59:00,24-09-2020,SATURDAY,66
SEP241100,1127,11:00:00,11:29:00,24-09-2020,SATURDAY,108
SEP241130,1128,11:30:00,11:59:00,24-09-2020,SATURDAY,91
SEP241200,1129,12:00:00,12:29:00,24-09-2020,SATURDAY,151
SEP241230,1130,12:30:00,12:59:00,24-09-2020,SATURDAY,35
SEP241300,1131,13:00:00,13:29:00,24-09-2020,SATURDAY,44
SEP241330,1132,13:30:00,13:59:00,24-09-2020,SATURDAY,64
SEP241400,1133,14:00:00,14:29:00,24-09-2020,SATURDAY,190
SEP241430,1134,14:30:00,14:59:00,24-09-2020,SATURDAY,169
SEP241500,1135,15:00:00,15:29:00,24-09-2020,SATURDAY,156
SEP241530,1136,15:30:00,15:59:00,24-09-2020,SATURDAY,100
SEP241600,1137,16:00:00,16:29:00,24-09-2020,SATURDAY,46
SEP241630,1138,16:30:00,16:59:00,24-09-2020,SATURDAY,78
SEP241700,1139,17:00:00,17:29:00,24-09-2020,SATURDAY,195
SEP241730,1140,17:30:00,17:59:00,24-09-2020,SATURDAY,13
SEP241800,1141,18:00:00,18:29:00,24-09-2020,SATURDAY,95
SEP241830,1142,18:30:00,18:59:00,24-09-2020,SATURDAY,165
SEP241900,1143,19:00:00,19:29:00,24-09-2020,SATURDAY,129
SEP241930,1144,19:30:00,19:59:00,24-09-2020,SATURDAY,167
SEP242000,1145,20:00:00,20:29:00,24-09-2020,SATURDAY,73
SEP242030,1146,20:30:00,20:59:00,24-09-2020,SATURDAY,125
SEP242100,1147,21:00:00,21:29:00,24-09-2020,SATURDAY,184
SEP242130,1148,21:30:00,21:59:00,24-09-2020,SATURDAY,21
SEP242200,1149,22:00:00,22:29:00,24-09-2020,SATURDAY,89
SEP242230,1150,22:30:00,22:59:00,24-09-2020,SATURDAY,179
SEP242300,1151,23:00:00,23:29:00,24-09-2020,SATURDAY,2
SEP242330,1152,23:30:00,23:59:00,24-09-2020,SATURDAY,44
SEP250000,1153,0:00:00,0:29:00,25-09-2020,SUNDAY,52
SEP250030,1154,0:30:00,0:59:00,25-09-2020,SUNDAY,31
SEP250100,1155,1:00:00,1:29:00,25-09-2020,SUNDAY,30
SEP250130,1156,1:30:00,1:59:00,25-09-2020,SUNDAY,72
SEP250200,1157,2:00:00,2:29:00,25-09-2020,SUNDAY,160
SEP250230,1158,2:30:00,2:59:00,25-09-2020,SUNDAY,164
SEP250300,1159,3:00:00,3:29:00,25-09-2020,SUNDAY,102
SEP250330,1160,3:30:00,3:59:00,25-09-2020,SUNDAY,150
SEP250400,1161,4:00:00,4:29:00,25-09-2020,SUNDAY,61
SEP250430,1162,4:30:00,4:59:00,25-09-2020,SUNDAY,121
SEP250500,1163,5:00:00,5:29:00,25-09-2020,SUNDAY,122
SEP250530,1164,5:30:00,5:59:00,25-09-2020,SUNDAY,194
SEP250600,1165,6:00:00,6:29:00,25-09-2020,SUNDAY,124
SEP250630,1166,6:30:00,6:59:00,25-09-2020,SUNDAY,26
SEP250700,1167,7:00:00,7:29:00,25-09-2020,SUNDAY,12
SEP250730,1168,7:30:00,7:59:00,25-09-2020,SUNDAY,132
SEP250800,1169,8:00:00,8:29:00,25-09-2020,SUNDAY,27
SEP250830,1170,8:30:00,8:59:00,25-09-2020,SUNDAY,54
SEP250900,1171,9:00:00,9:29:00,25-09-2020,SUNDAY,90
SEP250930,1172,9:30:00,9:59:00,25-09-2020,SUNDAY,80
SEP251000,1173,10:00:00,10:29:00,25-09-2020,SUNDAY,72
SEP251030,1174,10:30:00,10:59:00,25-09-2020,SUNDAY,72
SEP251100,1175,11:00:00,11:29:00,25-09-2020,SUNDAY,104
SEP251130,1176,11:30:00,11:59:00,25-09-2020,SUNDAY,36
SEP251200,1177,12:00:00,12:29:00,25-09-2020,SUNDAY,21
SEP251230,1178,12:30:00,12:59:00,25-09-2020,SUNDAY,44
SEP251300,1179,13:00:00,13:29:00,25-09-2020,SUNDAY,128
SEP251330,1180,13:30:00,13:59:00,25-09-2020,SUNDAY,15
SEP251400,1181,14:00:00,14:29:00,25-09-2020,SUNDAY,116
SEP251430,1182,14:30:00,14:59:00,25-09-2020,SUNDAY,136
SEP251500,1183,15:00:00,15:29:00,25-09-2020,SUNDAY,51
SEP251530,1184,15:30:00,15:59:00,25-09-2020,SUNDAY,147
SEP251600,1185,16:00:00,16:29:00,25-09-2020,SUNDAY,48
SEP251630,1186,16:30:00,16:59:00,25-09-2020,SUNDAY,111
SEP251700,1187,17:00:00,17:29:00,25-09-2020,SUNDAY,43
SEP251730,1188,17:30:00,17:59:00,25-09-2020,SUNDAY,96
SEP251800,1189,18:00:00,18:29:00,25-09-2020,SUNDAY,15
SEP251830,1190,18:30:00,18:59:00,25-09-2020,SUNDAY,137
SEP251900,1191,19:00:00,19:29:00,25-09-2020,SUNDAY,145
SEP251930,1192,19:30:00,19:59:00,25-09-2020,SUNDAY,197
SEP252000,1193,20:00:00,20:29:00,25-09-2020,SUNDAY,35
SEP252030,1194,20:30:00,20:59:00,25-09-2020,SUNDAY,101
SEP252100,1195,21:00:00,21:29:00,25-09-2020,SUNDAY,20
SEP252130,1196,21:30:00,21:59:00,25-09-2020,SUNDAY,41
SEP252200,1197,22:00:00,22:29:00,25-09-2020,SUNDAY,160
SEP252230,1198,22:30:00,22:59:00,25-09-2020,SUNDAY,192
SEP252300,1199,23:00:00,23:29:00,25-09-2020,SUNDAY,190
SEP252330,1200,23:30:00,23:59:00,25-09-2020,SUNDAY,54
SEP260000,1201,0:00:00,0:29:00,26-09-2020,MONDAY,93
SEP260030,1202,0:30:00,0:59:00,26-09-2020,MONDAY,196
SEP260100,1203,1:00:00,1:29:00,26-09-2020,MONDAY,131
SEP260130,1204,1:30:00,1:59:00,26-09-2020,MONDAY,160
SEP260200,1205,2:00:00,2:29:00,26-09-2020,MONDAY,81
SEP260230,1206,2:30:00,2:59:00,26-09-2020,MONDAY,131
SEP260300,1207,3:00:00,3:29:00,26-09-2020,MONDAY,85
SEP260330,1208,3:30:00,3:59:00,26-09-2020,MONDAY,61
SEP260400,1209,4:00:00,4:29:00,26-09-2020,MONDAY,176
SEP260430,1210,4:30:00,4:59:00,26-09-2020,MONDAY,61
SEP260500,1211,5:00:00,5:29:00,26-09-2020,MONDAY,12
SEP260530,1212,5:30:00,5:59:00,26-09-2020,MONDAY,27
SEP260600,1213,6:00:00,6:29:00,26-09-2020,MONDAY,190
SEP260630,1214,6:30:00,6:59:00,26-09-2020,MONDAY,11
SEP260700,1215,7:00:00,7:29:00,26-09-2020,MONDAY,12
SEP260730,1216,7:30:00,7:59:00,26-09-2020,MONDAY,46
SEP260800,1217,8:00:00,8:29:00,26-09-2020,MONDAY,168
SEP260830,1218,8:30:00,8:59:00,26-09-2020,MONDAY,130
SEP260900,1219,9:00:00,9:29:00,26-09-2020,MONDAY,19
SEP260930,1220,9:30:00,9:59:00,26-09-2020,MONDAY,151
SEP261000,1221,10:00:00,10:29:00,26-09-2020,MONDAY,65
SEP261030,1222,10:30:00,10:59:00,26-09-2020,MONDAY,53
SEP261100,1223,11:00:00,11:29:00,26-09-2020,MONDAY,139
SEP261130,1224,11:30:00,11:59:00,26-09-2020,MONDAY,123
SEP261200,1225,12:00:00,12:29:00,26-09-2020,MONDAY,8
SEP261230,1226,12:30:00,12:59:00,26-09-2020,MONDAY,194
SEP261300,1227,13:00:00,13:29:00,26-09-2020,MONDAY,127
SEP261330,1228,13:30:00,13:59:00,26-09-2020,MONDAY,2
SEP261400,1229,14:00:00,14:29:00,26-09-2020,MONDAY,75
SEP261430,1230,14:30:00,14:59:00,26-09-2020,MONDAY,14
SEP261500,1231,15:00:00,15:29:00,26-09-2020,MONDAY,99
SEP261530,1232,15:30:00,15:59:00,26-09-2020,MONDAY,71
SEP261600,1233,16:00:00,16:29:00,26-09-2020,MONDAY,129
SEP261630,1234,16:30:00,16:59:00,26-09-2020,MONDAY,68
SEP261700,1235,17:00:00,17:29:00,26-09-2020,MONDAY,80
SEP261730,1236,17:30:00,17:59:00,26-09-2020,MONDAY,107
SEP261800,1237,18:00:00,18:29:00,26-09-2020,MONDAY,61
SEP261830,1238,18:30:00,18:59:00,26-09-2020,MONDAY,114
SEP261900,1239,19:00:00,19:29:00,26-09-2020,MONDAY,20
SEP261930,1240,19:30:00,19:59:00,26-09-2020,MONDAY,83
SEP262000,1241,20:00:00,20:29:00,26-09-2020,MONDAY,176
SEP262030,1242,20:30:00,20:59:00,26-09-2020,MONDAY,163
SEP262100,1243,21:00:00,21:29:00,26-09-2020,MONDAY,167
SEP262130,1244,21:30:00,21:59:00,26-09-2020,MONDAY,158
SEP262200,1245,22:00:00,22:29:00,26-09-2020,MONDAY,148
SEP262230,1246,22:30:00,22:59:00,26-09-2020,MONDAY,33
SEP262300,1247,23:00:00,23:29:00,26-09-2020,MONDAY,70
SEP262330,1248,23:30:00,23:59:00,26-09-2020,MONDAY,95
SEP270000,1249,0:00:00,0:29:00,27-09-2020,TUESDAY,40
SEP270030,1250,0:30:00,0:59:00,27-09-2020,TUESDAY,114
SEP270100,1251,1:00:00,1:29:00,27-09-2020,TUESDAY,110
SEP270130,1252,1:30:00,1:59:00,27-09-2020,TUESDAY,99
SEP270200,1253,2:00:00,2:29:00,27-09-2020,TUESDAY,57
SEP270230,1254,2:30:00,2:59:00,27-09-2020,TUESDAY,132
SEP270300,1255,3:00:00,3:29:00,27-09-2020,TUESDAY,140
SEP270330,1256,3:30:00,3:59:00,27-09-2020,TUESDAY,109
SEP270400,1257,4:00:00,4:29:00,27-09-2020,TUESDAY,97
SEP270430,1258,4:30:00,4:59:00,27-09-2020,TUESDAY,3
SEP270500,1259,5:00:00,5:29:00,27-09-2020,TUESDAY,87
SEP270530,1260,5:30:00,5:59:00,27-09-2020,TUESDAY,134
SEP270600,1261,6:00:00,6:29:00,27-09-2020,TUESDAY,180
SEP270630,1262,6:30:00,6:59:00,27-09-2020,TUESDAY,169
SEP270700,1263,7:00:00,7:29:00,27-09-2020,TUESDAY,4
SEP270730,1264,7:30:00,7:59:00,27-09-2020,TUESDAY,177
SEP270800,1265,8:00:00,8:29:00,27-09-2020,TUESDAY,159
SEP270830,1266,8:30:00,8:59:00,27-09-2020,TUESDAY,29
SEP270900,1267,9:00:00,9:29:00,27-09-2020,TUESDAY,97
SEP270930,1268,9:30:00,9:59:00,27-09-2020,TUESDAY,14
SEP271000,1269,10:00:00,10:29:00,27-09-2020,TUESDAY,162
SEP271030,1270,10:30:00,10:59:00,27-09-2020,TUESDAY,16
SEP271100,1271,11:00:00,11:29:00,27-09-2020,TUESDAY,175
SEP271130,1272,11:30:00,11:59:00,27-09-2020,TUESDAY,119
SEP271200,1273,12:00:00,12:29:00,27-09-2020,TUESDAY,169
SEP271230,1274,12:30:00,12:59:00,27-09-2020,TUESDAY,66
SEP271300,1275,13:00:00,13:29:00,27-09-2020,TUESDAY,93
SEP271330,1276,13:30:00,13:59:00,27-09-2020,TUESDAY,38
SEP271400,1277,14:00:00,14:29:00,27-09-2020,TUESDAY,118
SEP271430,1278,14:30:00,14:59:00,27-09-2020,TUESDAY,136
SEP271500,1279,15:00:00,15:29:00,27-09-2020,TUESDAY,102
SEP271530,1280,15:30:00,15:59:00,27-09-2020,TUESDAY,89
SEP271600,1281,16:00:00,16:29:00,27-09-2020,TUESDAY,121
SEP271630,1282,16:30:00,16:59:00,27-09-2020,TUESDAY,125
SEP271700,1283,17:00:00,17:29:00,27-09-2020,TUESDAY,10
SEP271730,1284,17:30:00,17:59:00,27-09-2020,TUESDAY,11
SEP271800,1285,18:00:00,18:29:00,27-09-2020,TUESDAY,75
SEP271830,1286,18:30:00,18:59:00,27-09-2020,TUESDAY,79
SEP271900,1287,19:00:00,19:29:00,27-09-2020,TUESDAY,74
SEP271930,1288,19:30:00,19:59:00,27-09-2020,TUESDAY,21
SEP272000,1289,20:00:00,20:29:00,27-09-2020,TUESDAY,148
SEP272030,1290,20:30:00,20:59:00,27-09-2020,TUESDAY,185
SEP272100,1291,21:00:00,21:29:00,27-09-2020,TUESDAY,7
SEP272130,1292,21:30:00,21:59:00,27-09-2020,TUESDAY,113
SEP272200,1293,22:00:00,22:29:00,27-09-2020,TUESDAY,94
SEP272230,1294,22:30:00,22:59:00,27-09-2020,TUESDAY,177
SEP272300,1295,23:00:00,23:29:00,27-09-2020,TUESDAY,163
SEP272330,1296,23:30:00,23:59:00,27-09-2020,TUESDAY,164
SEP280000,1297,0:00:00,0:29:00,28-09-2020,WEDNESDAY,130
SEP280030,1298,0:30:00,0:59:00,28-09-2020,WEDNESDAY,55
SEP280100,1299,1:00:00,1:29:00,28-09-2020,WEDNESDAY,77
SEP280130,1300,1:30:00,1:59:00,28-09-2020,WEDNESDAY,4
SEP280200,1301,2:00:00,2:29:00,28-09-2020,WEDNESDAY,144
SEP280230,1302,2:30:00,2:59:00,28-09-2020,WEDNESDAY,175
SEP280300,1303,3:00:00,3:29:00,28-09-2020,WEDNESDAY,168
SEP280330,1304,3:30:00,3:59:00,28-09-2020,WEDNESDAY,163
SEP280400,1305,4:00:00,4:29:00,28-09-2020,WEDNESDAY,59
SEP280430,1306,4:30:00,4:59:00,28-09-2020,WEDNESDAY,64
SEP280500,1307,5:00:00,5:29:00,28-09-2020,WEDNESDAY,25
SEP280530,1308,5:30:00,5:59:00,28-09-2020,WEDNESDAY,136
SEP280600,1309,6:00:00,6:29:00,28-09-2020,WEDNESDAY,21
SEP280630,1310,6:30:00,6:59:00,28-09-2020,WEDNESDAY,77
SEP280700,1311,7:00:00,7:29:00,28-09-2020,WEDNESDAY,68
SEP280730,1312,7:30:00,7:59:00,28-09-2020,WEDNESDAY,146
SEP280800,1313,8:00:00,8:29:00,28-09-2020,WEDNESDAY,168
SEP280830,1314,8:30:00,8:59:00,28-09-2020,WEDNESDAY,138
SEP280900,1315,9:00:00,9:29:00,28-09-2020,WEDNESDAY,5
SEP280930,1316,9:30:00,9:59:00,28-09-2020,WEDNESDAY,118
SEP281000,1317,10:00:00,10:29:00,28-09-2020,WEDNESDAY,171
SEP281030,1318,10:30:00,10:59:00,28-09-2020,WEDNESDAY,32
SEP281100,1319,11:00:00,11:29:00,28-09-2020,WEDNESDAY,62
SEP281130,1320,11:30:00,11:59:00,28-09-2020,WEDNESDAY,121
SEP281200,1321,12:00:00,12:29:00,28-09-2020,WEDNESDAY,89
SEP281230,1322,12:30:00,12:59:00,28-09-2020,WEDNESDAY,1
SEP281300,1323,13:00:00,13:29:00,28-09-2020,WEDNESDAY,127
SEP281330,1324,13:30:00,13:59:00,28-09-2020,WEDNESDAY,137
SEP281400,1325,14:00:00,14:29:00,28-09-2020,WEDNESDAY,7
SEP281430,1326,14:30:00,14:59:00,28-09-2020,WEDNESDAY,122
SEP281500,1327,15:00:00,15:29:00,28-09-2020,WEDNESDAY,143
SEP281530,1328,15:30:00,15:59:00,28-09-2020,WEDNESDAY,173
SEP281600,1329,16:00:00,16:29:00,28-09-2020,WEDNESDAY,64
SEP281630,1330,16:30:00,16:59:00,28-09-2020,WEDNESDAY,139
SEP281700,1331,17:00:00,17:29:00,28-09-2020,WEDNESDAY,77
SEP281730,1332,17:30:00,17:59:00,28-09-2020,WEDNESDAY,125
SEP281800,1333,18:00:00,18:29:00,28-09-2020,WEDNESDAY,25
SEP281830,1334,18:30:00,18:59:00,28-09-2020,WEDNESDAY,91
SEP281900,1335,19:00:00,19:29:00,28-09-2020,WEDNESDAY,50
SEP281930,1336,19:30:00,19:59:00,28-09-2020,WEDNESDAY,14
SEP282000,1337,20:00:00,20:29:00,28-09-2020,WEDNESDAY,143
SEP282030,1338,20:30:00,20:59:00,28-09-2020,WEDNESDAY,195
SEP282100,1339,21:00:00,21:29:00,28-09-2020,WEDNESDAY,172
SEP282130,1340,21:30:00,21:59:00,28-09-2020,WEDNESDAY,84
SEP282200,1341,22:00:00,22:29:00,28-09-2020,WEDNESDAY,88
SEP282230,1342,22:30:00,22:59:00,28-09-2020,WEDNESDAY,194
SEP282300,1343,23:00:00,23:29:00,28-09-2020,WEDNESDAY,70
SEP282330,1344,23:30:00,23:59:00,28-09-2020,WEDNESDAY,178
SEP290000,1345,0:00:00,0:29:00,29-09-2020,THURSDAY,84
SEP290030,1346,0:30:00,0:59:00,29-09-2020,THURSDAY,78
SEP290100,1347,1:00:00,1:29:00,29-09-2020,THURSDAY,135
SEP290130,1348,1:30:00,1:59:00,29-09-2020,THURSDAY,111
SEP290200,1349,2:00:00,2:29:00,29-09-2020,THURSDAY,51
SEP290230,1350,2:30:00,2:59:00,29-09-2020,THURSDAY,11
SEP290300,1351,3:00:00,3:29:00,29-09-2020,THURSDAY,69
SEP290330,1352,3:30:00,3:59:00,29-09-2020,THURSDAY,166
SEP290400,1353,4:00:00,4:29:00,29-09-2020,THURSDAY,56
SEP290430,1354,4:30:00,4:59:00,29-09-2020,THURSDAY,169
SEP290500,1355,5:00:00,5:29:00,29-09-2020,THURSDAY,189
SEP290530,1356,5:30:00,5:59:00,29-09-2020,THURSDAY,125
SEP290600,1357,6:00:00,6:29:00,29-09-2020,THURSDAY,33
SEP290630,1358,6:30:00,6:59:00,29-09-2020,THURSDAY,97
SEP290700,1359,7:00:00,7:29:00,29-09-2020,THURSDAY,144
SEP290730,1360,7:30:00,7:59:00,29-09-2020,THURSDAY,126
SEP290800,1361,8:00:00,8:29:00,29-09-2020,THURSDAY,20
SEP290830,1362,8:30:00,8:59:00,29-09-2020,THURSDAY,162
SEP290900,1363,9:00:00,9:29:00,29-09-2020,THURSDAY,154
SEP290930,1364,9:30:00,9:59:00,29-09-2020,THURSDAY,37
SEP291000,1365,10:00:00,10:29:00,29-09-2020,THURSDAY,87
SEP291030,1366,10:30:00,10:59:00,29-09-2020,THURSDAY,64
SEP291100,1367,11:00:00,11:29:00,29-09-2020,THURSDAY,7
SEP291130,1368,11:30:00,11:59:00,29-09-2020,THURSDAY,52
SEP291200,1369,12:00:00,12:29:00,29-09-2020,THURSDAY,125
SEP291230,1370,12:30:00,12:59:00,29-09-2020,THURSDAY,1
SEP291300,1371,13:00:00,13:29:00,29-09-2020,THURSDAY,77
SEP291330,1372,13:30:00,13:59:00,29-09-2020,THURSDAY,186
SEP291400,1373,14:00:00,14:29:00,29-09-2020,THURSDAY,130
SEP291430,1374,14:30:00,14:59:00,29-09-2020,THURSDAY,193
SEP291500,1375,15:00:00,15:29:00,29-09-2020,THURSDAY,121
SEP291530,1376,15:30:00,15:59:00,29-09-2020,THURSDAY,52
SEP291600,1377,16:00:00,16:29:00,29-09-2020,THURSDAY,35
SEP291630,1378,16:30:00,16:59:00,29-09-2020,THURSDAY,97
SEP291700,1379,17:00:00,17:29:00,29-09-2020,THURSDAY,188
SEP291730,1380,17:30:00,17:59:00,29-09-2020,THURSDAY,107
SEP291800,1381,18:00:00,18:29:00,29-09-2020,THURSDAY,105
SEP291830,1382,18:30:00,18:59:00,29-09-2020,THURSDAY,125
SEP291900,1383,19:00:00,19:29:00,29-09-2020,THURSDAY,156
SEP291930,1384,19:30:00,19:59:00,29-09-2020,THURSDAY,8
SEP292000,1385,20:00:00,20:29:00,29-09-2020,THURSDAY,10
SEP292030,1386,20:30:00,20:59:00,29-09-2020,THURSDAY,48
SEP292100,1387,21:00:00,21:29:00,29-09-2020,THURSDAY,99
SEP292130,1388,21:30:00,21:59:00,29-09-2020,THURSDAY,91
SEP292200,1389,22:00:00,22:29:00,29-09-2020,THURSDAY,66
SEP292230,1390,22:30:00,22:59:00,29-09-2020,THURSDAY,141
SEP292300,1391,23:00:00,23:29:00,29-09-2020,THURSDAY,74
SEP292330,1392,23:30:00,23:59:00,29-09-2020,THURSDAY,122
SEP300000,1393,0:00:00,0:29:00,30-09-2020,FRIDAY,131
SEP300030,1394,0:30:00,0:59:00,30-09-2020,FRIDAY,200
SEP300100,1395,1:00:00,1:29:00,30-09-2020,FRIDAY,128
SEP300130,1396,1:30:00,1:59:00,30-09-2020,FRIDAY,95
SEP300200,1397,2:00:00,2:29:00,30-09-2020,FRIDAY,24
SEP300230,1398,2:30:00,2:59:00,30-09-2020,FRIDAY,58
SEP300300,1399,3:00:00,3:29:00,30-09-2020,FRIDAY,110
SEP300330,1400,3:30:00,3:59:00,30-09-2020,FRIDAY,182
SEP300400,1401,4:00:00,4:29:00,30-09-2020,FRIDAY,110
SEP300430,1402,4:30:00,4:59:00,30-09-2020,FRIDAY,174
SEP300500,1403,5:00:00,5:29:00,30-09-2020,FRIDAY,44
SEP300530,1404,5:30:00,5:59:00,30-09-2020,FRIDAY,131
SEP300600,1405,6:00:00,6:29:00,30-09-2020,FRIDAY,79
SEP300630,1406,6:30:00,6:59:00,30-09-2020,FRIDAY,86
SEP300700,1407,7:00:00,7:29:00,30-09-2020,FRIDAY,14
SEP300730,1408,7:30:00,7:59:00,30-09-2020,FRIDAY,20
SEP300800,1409,8:00:00,8:29:00,30-09-2020,FRIDAY,119
SEP300830,1410,8:30:00,8:59:00,30-09-2020,FRIDAY,63
SEP300900,1411,9:00:00,9:29:00,30-09-2020,FRIDAY,182
SEP300930,1412,9:30:00,9:59:00,30-09-2020,FRIDAY,100
SEP301000,1413,10:00:00,10:29:00,30-09-2020,FRIDAY,135
SEP301030,1414,10:30:00,10:59:00,30-09-2020,FRIDAY,132
SEP301100,1415,11:00:00,11:29:00,30-09-2020,FRIDAY,17
SEP301130,1416,11:30:00,11:59:00,30-09-2020,FRIDAY,190
SEP301200,1417,12:00:00,12:29:00,30-09-2020,FRIDAY,150
SEP301230,1418,12:30:00,12:59:00,30-09-2020,FRIDAY,115
SEP301300,1419,13:00:00,13:29:00,30-09-2020,FRIDAY,62
SEP301330,1420,13:30:00,13:59:00,30-09-2020,FRIDAY,3
SEP301400,1421,14:00:00,14:29:00,30-09-2020,FRIDAY,97
SEP301430,1422,14:30:00,14:59:00,30-09-2020,FRIDAY,120
SEP301500,1423,15:00:00,15:29:00,30-09-2020,FRIDAY,49
SEP301530,1424,15:30:00,15:59:00,30-09-2020,FRIDAY,150
SEP301600,1425,16:00:00,16:29:00,30-09-2020,FRIDAY,98
SEP301630,1426,16:30:00,16:59:00,30-09-2020,FRIDAY,117
SEP301700,1427,17:00:00,17:29:00,30-09-2020,FRIDAY,5
SEP301730,1428,17:30:00,17:59:00,30-09-2020,FRIDAY,184
SEP301800,1429,18:00:00,18:29:00,30-09-2020,FRIDAY,74
SEP301830,1430,18:30:00,18:59:00,30-09-2020,FRIDAY,159
SEP301900,1431,19:00:00,19:29:00,30-09-2020,FRIDAY,136
SEP301930,1432,19:30:00,19:59:00,30-09-2020,FRIDAY,38
SEP302000,1433,20:00:00,20:29:00,30-09-2020,FRIDAY,20
SEP302030,1434,20:30:00,20:59:00,30-09-2020,FRIDAY,160
SEP302100,1435,21:00:00,21:29:00,30-09-2020,FRIDAY,70
SEP302130,1436,21:30:00,21:59:00,30-09-2020,FRIDAY,27
SEP302200,1437,22:00:00,22:29:00,30-09-2020,FRIDAY,9
SEP302230,1438,22:30:00,22:59:00,30-09-2020,FRIDAY,49
SEP302300,1439,23:00:00,23:29:00,30-09-2020,FRIDAY,93
SEP302330,1440,23:30:00,23:59:00,30-09-2020,FRIDAY,92
