FROM ,TO,DATE,COUNTS
0:00:00,0:29:00,01-09-2020,57
0:30:00,0:59:00,01-09-2020,88
1:00:00,1:29:00,01-09-2020,1
1:30:00,1:59:00,01-09-2020,51
2:00:00,2:29:00,01-09-2020,45
2:30:00,2:59:00,01-09-2020,4
3:00:00,3:29:00,01-09-2020,69
3:30:00,3:59:00,01-09-2020,99
4:00:00,4:29:00,01-09-2020,61
4:30:00,4:59:00,01-09-2020,18
5:00:00,5:29:00,01-09-2020,120
5:30:00,5:59:00,01-09-2020,51
6:00:00,6:29:00,01-09-2020,132
6:30:00,6:59:00,01-09-2020,60
7:00:00,7:29:00,01-09-2020,66
7:30:00,7:59:00,01-09-2020,191
8:00:00,8:29:00,01-09-2020,194
8:30:00,8:59:00,01-09-2020,25
9:00:00,9:29:00,01-09-2020,151
9:30:00,9:59:00,01-09-2020,67
10:00:00,10:29:00,01-09-2020,145
10:30:00,10:59:00,01-09-2020,128
11:00:00,11:29:00,01-09-2020,104
11:30:00,11:59:00,01-09-2020,75
12:00:00,12:29:00,01-09-2020,46
12:30:00,12:59:00,01-09-2020,44
13:00:00,13:29:00,01-09-2020,125
13:30:00,13:59:00,01-09-2020,173
14:00:00,14:29:00,01-09-2020,199
14:30:00,14:59:00,01-09-2020,59
15:00:00,15:29:00,01-09-2020,194
15:30:00,15:59:00,01-09-2020,74
16:00:00,16:29:00,01-09-2020,2
16:30:00,16:59:00,01-09-2020,166
17:00:00,17:29:00,01-09-2020,121
17:30:00,17:59:00,01-09-2020,72
18:00:00,18:29:00,01-09-2020,103
18:30:00,18:59:00,01-09-2020,21
19:00:00,19:29:00,01-09-2020,137
19:30:00,19:59:00,01-09-2020,18
20:00:00,20:29:00,01-09-2020,105
20:30:00,20:59:00,01-09-2020,82
21:00:00,21:29:00,01-09-2020,117
21:30:00,21:59:00,01-09-2020,65
22:00:00,22:29:00,01-09-2020,49
22:30:00,22:59:00,01-09-2020,158
23:00:00,23:29:00,01-09-2020,31
23:30:00,23:59:00,01-09-2020,194
0:00:00,0:29:00,02-09-2020,52
0:30:00,0:59:00,02-09-2020,157
1:00:00,1:29:00,02-09-2020,28
1:30:00,1:59:00,02-09-2020,22
2:00:00,2:29:00,02-09-2020,74
2:30:00,2:59:00,02-09-2020,173
3:00:00,3:29:00,02-09-2020,92
3:30:00,3:59:00,02-09-2020,136
4:00:00,4:29:00,02-09-2020,34
4:30:00,4:59:00,02-09-2020,102
5:00:00,5:29:00,02-09-2020,188
5:30:00,5:59:00,02-09-2020,156
6:00:00,6:29:00,02-09-2020,200
6:30:00,6:59:00,02-09-2020,175
7:00:00,7:29:00,02-09-2020,123
7:30:00,7:59:00,02-09-2020,123
8:00:00,8:29:00,02-09-2020,114
8:30:00,8:59:00,02-09-2020,131
9:00:00,9:29:00,02-09-2020,139
9:30:00,9:59:00,02-09-2020,97
10:00:00,10:29:00,02-09-2020,82
10:30:00,10:59:00,02-09-2020,195
11:00:00,11:29:00,02-09-2020,32
11:30:00,11:59:00,02-09-2020,197
12:00:00,12:29:00,02-09-2020,133
12:30:00,12:59:00,02-09-2020,137
13:00:00,13:29:00,02-09-2020,118
13:30:00,13:59:00,02-09-2020,67
14:00:00,14:29:00,02-09-2020,24
14:30:00,14:59:00,02-09-2020,139
15:00:00,15:29:00,02-09-2020,95
15:30:00,15:59:00,02-09-2020,76
16:00:00,16:29:00,02-09-2020,106
16:30:00,16:59:00,02-09-2020,34
17:00:00,17:29:00,02-09-2020,117
17:30:00,17:59:00,02-09-2020,130
18:00:00,18:29:00,02-09-2020,84
18:30:00,18:59:00,02-09-2020,144
19:00:00,19:29:00,02-09-2020,16
19:30:00,19:59:00,02-09-2020,200
20:00:00,20:29:00,02-09-2020,109
20:30:00,20:59:00,02-09-2020,27
21:00:00,21:29:00,02-09-2020,39
21:30:00,21:59:00,02-09-2020,34
22:00:00,22:29:00,02-09-2020,22
22:30:00,22:59:00,02-09-2020,120
23:00:00,23:29:00,02-09-2020,28
23:30:00,23:59:00,02-09-2020,34
0:00:00,0:29:00,03-09-2020,188
0:30:00,0:59:00,03-09-2020,54
1:00:00,1:29:00,03-09-2020,58
1:30:00,1:59:00,03-09-2020,141
2:00:00,2:29:00,03-09-2020,66
2:30:00,2:59:00,03-09-2020,104
3:00:00,3:29:00,03-09-2020,17
3:30:00,3:59:00,03-09-2020,19
4:00:00,4:29:00,03-09-2020,61
4:30:00,4:59:00,03-09-2020,131
5:00:00,5:29:00,03-09-2020,42
5:30:00,5:59:00,03-09-2020,32
6:00:00,6:29:00,03-09-2020,19
6:30:00,6:59:00,03-09-2020,51
7:00:00,7:29:00,03-09-2020,171
7:30:00,7:59:00,03-09-2020,153
8:00:00,8:29:00,03-09-2020,136
8:30:00,8:59:00,03-09-2020,190
9:00:00,9:29:00,03-09-2020,15
9:30:00,9:59:00,03-09-2020,5
10:00:00,10:29:00,03-09-2020,128
10:30:00,10:59:00,03-09-2020,27
11:00:00,11:29:00,03-09-2020,56
11:30:00,11:59:00,03-09-2020,114
12:00:00,12:29:00,03-09-2020,37
12:30:00,12:59:00,03-09-2020,170
13:00:00,13:29:00,03-09-2020,11
13:30:00,13:59:00,03-09-2020,71
14:00:00,14:29:00,03-09-2020,157
14:30:00,14:59:00,03-09-2020,59
15:00:00,15:29:00,03-09-2020,103
15:30:00,15:59:00,03-09-2020,13
16:00:00,16:29:00,03-09-2020,103
16:30:00,16:59:00,03-09-2020,105
17:00:00,17:29:00,03-09-2020,176
17:30:00,17:59:00,03-09-2020,8
18:00:00,18:29:00,03-09-2020,1
18:30:00,18:59:00,03-09-2020,16
19:00:00,19:29:00,03-09-2020,122
19:30:00,19:59:00,03-09-2020,133
20:00:00,20:29:00,03-09-2020,69
20:30:00,20:59:00,03-09-2020,124
21:00:00,21:29:00,03-09-2020,152
21:30:00,21:59:00,03-09-2020,34
22:00:00,22:29:00,03-09-2020,104
22:30:00,22:59:00,03-09-2020,192
23:00:00,23:29:00,03-09-2020,39
23:30:00,23:59:00,03-09-2020,143
0:00:00,0:29:00,04-09-2020,147
0:30:00,0:59:00,04-09-2020,74
1:00:00,1:29:00,04-09-2020,39
1:30:00,1:59:00,04-09-2020,134
2:00:00,2:29:00,04-09-2020,27
2:30:00,2:59:00,04-09-2020,4
3:00:00,3:29:00,04-09-2020,133
3:30:00,3:59:00,04-09-2020,107
4:00:00,4:29:00,04-09-2020,62
4:30:00,4:59:00,04-09-2020,86
5:00:00,5:29:00,04-09-2020,65
5:30:00,5:59:00,04-09-2020,53
6:00:00,6:29:00,04-09-2020,160
6:30:00,6:59:00,04-09-2020,31
7:00:00,7:29:00,04-09-2020,32
7:30:00,7:59:00,04-09-2020,175
8:00:00,8:29:00,04-09-2020,71
8:30:00,8:59:00,04-09-2020,123
9:00:00,9:29:00,04-09-2020,184
9:30:00,9:59:00,04-09-2020,48
10:00:00,10:29:00,04-09-2020,97
10:30:00,10:59:00,04-09-2020,52
11:00:00,11:29:00,04-09-2020,83
11:30:00,11:59:00,04-09-2020,87
12:00:00,12:29:00,04-09-2020,91
12:30:00,12:59:00,04-09-2020,147
13:00:00,13:29:00,04-09-2020,81
13:30:00,13:59:00,04-09-2020,17
14:00:00,14:29:00,04-09-2020,62
14:30:00,14:59:00,04-09-2020,123
15:00:00,15:29:00,04-09-2020,1
15:30:00,15:59:00,04-09-2020,139
16:00:00,16:29:00,04-09-2020,68
16:30:00,16:59:00,04-09-2020,155
17:00:00,17:29:00,04-09-2020,96
17:30:00,17:59:00,04-09-2020,34
18:00:00,18:29:00,04-09-2020,139
18:30:00,18:59:00,04-09-2020,44
19:00:00,19:29:00,04-09-2020,171
19:30:00,19:59:00,04-09-2020,157
20:00:00,20:29:00,04-09-2020,115
20:30:00,20:59:00,04-09-2020,10
21:00:00,21:29:00,04-09-2020,113
21:30:00,21:59:00,04-09-2020,121
22:00:00,22:29:00,04-09-2020,22
22:30:00,22:59:00,04-09-2020,136
23:00:00,23:29:00,04-09-2020,199
23:30:00,23:59:00,04-09-2020,47
0:00:00,0:29:00,05-09-2020,130
0:30:00,0:59:00,05-09-2020,22
1:00:00,1:29:00,05-09-2020,24
1:30:00,1:59:00,05-09-2020,149
2:00:00,2:29:00,05-09-2020,63
2:30:00,2:59:00,05-09-2020,31
3:00:00,3:29:00,05-09-2020,111
3:30:00,3:59:00,05-09-2020,173
4:00:00,4:29:00,05-09-2020,19
4:30:00,4:59:00,05-09-2020,161
5:00:00,5:29:00,05-09-2020,163
5:30:00,5:59:00,05-09-2020,158
6:00:00,6:29:00,05-09-2020,78
6:30:00,6:59:00,05-09-2020,114
7:00:00,7:29:00,05-09-2020,181
7:30:00,7:59:00,05-09-2020,51
8:00:00,8:29:00,05-09-2020,28
8:30:00,8:59:00,05-09-2020,39
9:00:00,9:29:00,05-09-2020,152
9:30:00,9:59:00,05-09-2020,40
10:00:00,10:29:00,05-09-2020,112
10:30:00,10:59:00,05-09-2020,156
11:00:00,11:29:00,05-09-2020,127
11:30:00,11:59:00,05-09-2020,127
12:00:00,12:29:00,05-09-2020,151
12:30:00,12:59:00,05-09-2020,176
13:00:00,13:29:00,05-09-2020,19
13:30:00,13:59:00,05-09-2020,117
14:00:00,14:29:00,05-09-2020,60
14:30:00,14:59:00,05-09-2020,35
15:00:00,15:29:00,05-09-2020,162
15:30:00,15:59:00,05-09-2020,16
16:00:00,16:29:00,05-09-2020,139
16:30:00,16:59:00,05-09-2020,136
17:00:00,17:29:00,05-09-2020,85
17:30:00,17:59:00,05-09-2020,126
18:00:00,18:29:00,05-09-2020,65
18:30:00,18:59:00,05-09-2020,165
19:00:00,19:29:00,05-09-2020,39
19:30:00,19:59:00,05-09-2020,59
20:00:00,20:29:00,05-09-2020,187
20:30:00,20:59:00,05-09-2020,29
21:00:00,21:29:00,05-09-2020,134
21:30:00,21:59:00,05-09-2020,124
22:00:00,22:29:00,05-09-2020,186
22:30:00,22:59:00,05-09-2020,40
23:00:00,23:29:00,05-09-2020,27
23:30:00,23:59:00,05-09-2020,168
0:00:00,0:29:00,06-09-2020,3
0:30:00,0:59:00,06-09-2020,58
1:00:00,1:29:00,06-09-2020,138
1:30:00,1:59:00,06-09-2020,116
2:00:00,2:29:00,06-09-2020,55
2:30:00,2:59:00,06-09-2020,112
3:00:00,3:29:00,06-09-2020,156
3:30:00,3:59:00,06-09-2020,141
4:00:00,4:29:00,06-09-2020,95
4:30:00,4:59:00,06-09-2020,136
5:00:00,5:29:00,06-09-2020,59
5:30:00,5:59:00,06-09-2020,54
6:00:00,6:29:00,06-09-2020,190
6:30:00,6:59:00,06-09-2020,16
7:00:00,7:29:00,06-09-2020,165
7:30:00,7:59:00,06-09-2020,37
8:00:00,8:29:00,06-09-2020,7
8:30:00,8:59:00,06-09-2020,157
9:00:00,9:29:00,06-09-2020,189
9:30:00,9:59:00,06-09-2020,157
10:00:00,10:29:00,06-09-2020,182
10:30:00,10:59:00,06-09-2020,79
11:00:00,11:29:00,06-09-2020,104
11:30:00,11:59:00,06-09-2020,190
12:00:00,12:29:00,06-09-2020,178
12:30:00,12:59:00,06-09-2020,94
13:00:00,13:29:00,06-09-2020,68
13:30:00,13:59:00,06-09-2020,176
14:00:00,14:29:00,06-09-2020,3
14:30:00,14:59:00,06-09-2020,55
15:00:00,15:29:00,06-09-2020,174
15:30:00,15:59:00,06-09-2020,190
16:00:00,16:29:00,06-09-2020,19
16:30:00,16:59:00,06-09-2020,80
17:00:00,17:29:00,06-09-2020,85
17:30:00,17:59:00,06-09-2020,56
18:00:00,18:29:00,06-09-2020,12
18:30:00,18:59:00,06-09-2020,190
19:00:00,19:29:00,06-09-2020,28
19:30:00,19:59:00,06-09-2020,17
20:00:00,20:29:00,06-09-2020,52
20:30:00,20:59:00,06-09-2020,42
21:00:00,21:29:00,06-09-2020,146
21:30:00,21:59:00,06-09-2020,42
22:00:00,22:29:00,06-09-2020,129
22:30:00,22:59:00,06-09-2020,40
23:00:00,23:29:00,06-09-2020,8
23:30:00,23:59:00,06-09-2020,183
0:00:00,0:29:00,07-09-2020,123
0:30:00,0:59:00,07-09-2020,198
1:00:00,1:29:00,07-09-2020,184
1:30:00,1:59:00,07-09-2020,184
2:00:00,2:29:00,07-09-2020,14
2:30:00,2:59:00,07-09-2020,179
3:00:00,3:29:00,07-09-2020,127
3:30:00,3:59:00,07-09-2020,72
4:00:00,4:29:00,07-09-2020,184
4:30:00,4:59:00,07-09-2020,26
5:00:00,5:29:00,07-09-2020,28
5:30:00,5:59:00,07-09-2020,2
6:00:00,6:29:00,07-09-2020,37
6:30:00,6:59:00,07-09-2020,17
7:00:00,7:29:00,07-09-2020,91
7:30:00,7:59:00,07-09-2020,6
8:00:00,8:29:00,07-09-2020,61
8:30:00,8:59:00,07-09-2020,126
9:00:00,9:29:00,07-09-2020,176
9:30:00,9:59:00,07-09-2020,142
10:00:00,10:29:00,07-09-2020,20
10:30:00,10:59:00,07-09-2020,144
11:00:00,11:29:00,07-09-2020,196
11:30:00,11:59:00,07-09-2020,124
12:00:00,12:29:00,07-09-2020,18
12:30:00,12:59:00,07-09-2020,51
13:00:00,13:29:00,07-09-2020,37
13:30:00,13:59:00,07-09-2020,112
14:00:00,14:29:00,07-09-2020,191
14:30:00,14:59:00,07-09-2020,155
15:00:00,15:29:00,07-09-2020,56
15:30:00,15:59:00,07-09-2020,158
16:00:00,16:29:00,07-09-2020,113
16:30:00,16:59:00,07-09-2020,191
17:00:00,17:29:00,07-09-2020,152
17:30:00,17:59:00,07-09-2020,89
18:00:00,18:29:00,07-09-2020,142
18:30:00,18:59:00,07-09-2020,15
19:00:00,19:29:00,07-09-2020,85
19:30:00,19:59:00,07-09-2020,21
20:00:00,20:29:00,07-09-2020,9
20:30:00,20:59:00,07-09-2020,17
21:00:00,21:29:00,07-09-2020,179
21:30:00,21:59:00,07-09-2020,154
22:00:00,22:29:00,07-09-2020,50
22:30:00,22:59:00,07-09-2020,183
23:00:00,23:29:00,07-09-2020,39
23:30:00,23:59:00,07-09-2020,115
0:00:00,0:29:00,08-09-2020,60
0:30:00,0:59:00,08-09-2020,180
1:00:00,1:29:00,08-09-2020,122
1:30:00,1:59:00,08-09-2020,21
2:00:00,2:29:00,08-09-2020,7
2:30:00,2:59:00,08-09-2020,43
3:00:00,3:29:00,08-09-2020,199
3:30:00,3:59:00,08-09-2020,82
4:00:00,4:29:00,08-09-2020,128
4:30:00,4:59:00,08-09-2020,157
5:00:00,5:29:00,08-09-2020,166
5:30:00,5:59:00,08-09-2020,103
6:00:00,6:29:00,08-09-2020,17
6:30:00,6:59:00,08-09-2020,44
7:00:00,7:29:00,08-09-2020,187
7:30:00,7:59:00,08-09-2020,47
8:00:00,8:29:00,08-09-2020,184
8:30:00,8:59:00,08-09-2020,57
9:00:00,9:29:00,08-09-2020,80
9:30:00,9:59:00,08-09-2020,10
10:00:00,10:29:00,08-09-2020,92
10:30:00,10:59:00,08-09-2020,23
11:00:00,11:29:00,08-09-2020,83
11:30:00,11:59:00,08-09-2020,41
12:00:00,12:29:00,08-09-2020,21
12:30:00,12:59:00,08-09-2020,95
13:00:00,13:29:00,08-09-2020,105
13:30:00,13:59:00,08-09-2020,191
14:00:00,14:29:00,08-09-2020,167
14:30:00,14:59:00,08-09-2020,91
15:00:00,15:29:00,08-09-2020,166
15:30:00,15:59:00,08-09-2020,174
16:00:00,16:29:00,08-09-2020,3
16:30:00,16:59:00,08-09-2020,10
17:00:00,17:29:00,08-09-2020,74
17:30:00,17:59:00,08-09-2020,69
18:00:00,18:29:00,08-09-2020,179
18:30:00,18:59:00,08-09-2020,191
19:00:00,19:29:00,08-09-2020,101
19:30:00,19:59:00,08-09-2020,58
20:00:00,20:29:00,08-09-2020,23
20:30:00,20:59:00,08-09-2020,56
21:00:00,21:29:00,08-09-2020,71
21:30:00,21:59:00,08-09-2020,67
22:00:00,22:29:00,08-09-2020,168
22:30:00,22:59:00,08-09-2020,177
23:00:00,23:29:00,08-09-2020,138
23:30:00,23:59:00,08-09-2020,147
0:00:00,0:29:00,09-09-2020,167
0:30:00,0:59:00,09-09-2020,154
1:00:00,1:29:00,09-09-2020,178
1:30:00,1:59:00,09-09-2020,22
2:00:00,2:29:00,09-09-2020,155
2:30:00,2:59:00,09-09-2020,18
3:00:00,3:29:00,09-09-2020,3
3:30:00,3:59:00,09-09-2020,106
4:00:00,4:29:00,09-09-2020,145
4:30:00,4:59:00,09-09-2020,120
5:00:00,5:29:00,09-09-2020,11
5:30:00,5:59:00,09-09-2020,21
6:00:00,6:29:00,09-09-2020,192
6:30:00,6:59:00,09-09-2020,140
7:00:00,7:29:00,09-09-2020,19
7:30:00,7:59:00,09-09-2020,52
8:00:00,8:29:00,09-09-2020,90
8:30:00,8:59:00,09-09-2020,125
9:00:00,9:29:00,09-09-2020,19
9:30:00,9:59:00,09-09-2020,45
10:00:00,10:29:00,09-09-2020,50
10:30:00,10:59:00,09-09-2020,115
11:00:00,11:29:00,09-09-2020,74
11:30:00,11:59:00,09-09-2020,177
12:00:00,12:29:00,09-09-2020,117
12:30:00,12:59:00,09-09-2020,27
13:00:00,13:29:00,09-09-2020,81
13:30:00,13:59:00,09-09-2020,172
14:00:00,14:29:00,09-09-2020,125
14:30:00,14:59:00,09-09-2020,98
15:00:00,15:29:00,09-09-2020,48
15:30:00,15:59:00,09-09-2020,89
16:00:00,16:29:00,09-09-2020,81
16:30:00,16:59:00,09-09-2020,1
17:00:00,17:29:00,09-09-2020,93
17:30:00,17:59:00,09-09-2020,5
18:00:00,18:29:00,09-09-2020,98
18:30:00,18:59:00,09-09-2020,174
19:00:00,19:29:00,09-09-2020,146
19:30:00,19:59:00,09-09-2020,167
20:00:00,20:29:00,09-09-2020,53
20:30:00,20:59:00,09-09-2020,199
21:00:00,21:29:00,09-09-2020,84
21:30:00,21:59:00,09-09-2020,138
22:00:00,22:29:00,09-09-2020,39
22:30:00,22:59:00,09-09-2020,130
23:00:00,23:29:00,09-09-2020,174
23:30:00,23:59:00,09-09-2020,139
0:00:00,0:29:00,10-09-2020,94
0:30:00,0:59:00,10-09-2020,180
1:00:00,1:29:00,10-09-2020,129
1:30:00,1:59:00,10-09-2020,79
2:00:00,2:29:00,10-09-2020,158
2:30:00,2:59:00,10-09-2020,179
3:00:00,3:29:00,10-09-2020,128
3:30:00,3:59:00,10-09-2020,180
4:00:00,4:29:00,10-09-2020,46
4:30:00,4:59:00,10-09-2020,137
5:00:00,5:29:00,10-09-2020,110
5:30:00,5:59:00,10-09-2020,169
6:00:00,6:29:00,10-09-2020,145
6:30:00,6:59:00,10-09-2020,136
7:00:00,7:29:00,10-09-2020,137
7:30:00,7:59:00,10-09-2020,154
8:00:00,8:29:00,10-09-2020,88
8:30:00,8:59:00,10-09-2020,129
9:00:00,9:29:00,10-09-2020,25
9:30:00,9:59:00,10-09-2020,140
10:00:00,10:29:00,10-09-2020,55
10:30:00,10:59:00,10-09-2020,67
11:00:00,11:29:00,10-09-2020,93
11:30:00,11:59:00,10-09-2020,30
12:00:00,12:29:00,10-09-2020,106
12:30:00,12:59:00,10-09-2020,120
13:00:00,13:29:00,10-09-2020,117
13:30:00,13:59:00,10-09-2020,33
14:00:00,14:29:00,10-09-2020,109
14:30:00,14:59:00,10-09-2020,87
15:00:00,15:29:00,10-09-2020,83
15:30:00,15:59:00,10-09-2020,42
16:00:00,16:29:00,10-09-2020,97
16:30:00,16:59:00,10-09-2020,70
17:00:00,17:29:00,10-09-2020,91
17:30:00,17:59:00,10-09-2020,38
18:00:00,18:29:00,10-09-2020,54
18:30:00,18:59:00,10-09-2020,76
19:00:00,19:29:00,10-09-2020,171
19:30:00,19:59:00,10-09-2020,174
20:00:00,20:29:00,10-09-2020,166
20:30:00,20:59:00,10-09-2020,63
21:00:00,21:29:00,10-09-2020,165
21:30:00,21:59:00,10-09-2020,52
22:00:00,22:29:00,10-09-2020,1
22:30:00,22:59:00,10-09-2020,187
23:00:00,23:29:00,10-09-2020,135
23:30:00,23:59:00,10-09-2020,51
0:00:00,0:29:00,11-09-2020,50
0:30:00,0:59:00,11-09-2020,39
1:00:00,1:29:00,11-09-2020,69
1:30:00,1:59:00,11-09-2020,136
2:00:00,2:29:00,11-09-2020,25
2:30:00,2:59:00,11-09-2020,163
3:00:00,3:29:00,11-09-2020,32
3:30:00,3:59:00,11-09-2020,72
4:00:00,4:29:00,11-09-2020,176
4:30:00,4:59:00,11-09-2020,179
5:00:00,5:29:00,11-09-2020,166
5:30:00,5:59:00,11-09-2020,148
6:00:00,6:29:00,11-09-2020,161
6:30:00,6:59:00,11-09-2020,7
7:00:00,7:29:00,11-09-2020,47
7:30:00,7:59:00,11-09-2020,44
8:00:00,8:29:00,11-09-2020,32
8:30:00,8:59:00,11-09-2020,73
9:00:00,9:29:00,11-09-2020,171
9:30:00,9:59:00,11-09-2020,121
10:00:00,10:29:00,11-09-2020,27
10:30:00,10:59:00,11-09-2020,185
11:00:00,11:29:00,11-09-2020,25
11:30:00,11:59:00,11-09-2020,151
12:00:00,12:29:00,11-09-2020,26
12:30:00,12:59:00,11-09-2020,66
13:00:00,13:29:00,11-09-2020,91
13:30:00,13:59:00,11-09-2020,75
14:00:00,14:29:00,11-09-2020,150
14:30:00,14:59:00,11-09-2020,119
15:00:00,15:29:00,11-09-2020,41
15:30:00,15:59:00,11-09-2020,80
16:00:00,16:29:00,11-09-2020,102
16:30:00,16:59:00,11-09-2020,116
17:00:00,17:29:00,11-09-2020,86
17:30:00,17:59:00,11-09-2020,134
18:00:00,18:29:00,11-09-2020,73
18:30:00,18:59:00,11-09-2020,184
19:00:00,19:29:00,11-09-2020,7
19:30:00,19:59:00,11-09-2020,52
20:00:00,20:29:00,11-09-2020,99
20:30:00,20:59:00,11-09-2020,167
21:00:00,21:29:00,11-09-2020,44
21:30:00,21:59:00,11-09-2020,76
22:00:00,22:29:00,11-09-2020,175
22:30:00,22:59:00,11-09-2020,97
23:00:00,23:29:00,11-09-2020,7
23:30:00,23:59:00,11-09-2020,129
0:00:00,0:29:00,12-09-2020,193
0:30:00,0:59:00,12-09-2020,108
1:00:00,1:29:00,12-09-2020,99
1:30:00,1:59:00,12-09-2020,16
2:00:00,2:29:00,12-09-2020,116
2:30:00,2:59:00,12-09-2020,91
3:00:00,3:29:00,12-09-2020,196
3:30:00,3:59:00,12-09-2020,123
4:00:00,4:29:00,12-09-2020,108
4:30:00,4:59:00,12-09-2020,90
5:00:00,5:29:00,12-09-2020,173
5:30:00,5:59:00,12-09-2020,2
6:00:00,6:29:00,12-09-2020,75
6:30:00,6:59:00,12-09-2020,103
7:00:00,7:29:00,12-09-2020,72
7:30:00,7:59:00,12-09-2020,20
8:00:00,8:29:00,12-09-2020,136
8:30:00,8:59:00,12-09-2020,198
9:00:00,9:29:00,12-09-2020,97
9:30:00,9:59:00,12-09-2020,59
10:00:00,10:29:00,12-09-2020,77
10:30:00,10:59:00,12-09-2020,21
11:00:00,11:29:00,12-09-2020,139
11:30:00,11:59:00,12-09-2020,54
12:00:00,12:29:00,12-09-2020,74
12:30:00,12:59:00,12-09-2020,157
13:00:00,13:29:00,12-09-2020,196
13:30:00,13:59:00,12-09-2020,155
14:00:00,14:29:00,12-09-2020,64
14:30:00,14:59:00,12-09-2020,54
15:00:00,15:29:00,12-09-2020,96
15:30:00,15:59:00,12-09-2020,113
16:00:00,16:29:00,12-09-2020,17
16:30:00,16:59:00,12-09-2020,125
17:00:00,17:29:00,12-09-2020,75
17:30:00,17:59:00,12-09-2020,130
18:00:00,18:29:00,12-09-2020,191
18:30:00,18:59:00,12-09-2020,116
19:00:00,19:29:00,12-09-2020,25
19:30:00,19:59:00,12-09-2020,49
20:00:00,20:29:00,12-09-2020,200
20:30:00,20:59:00,12-09-2020,90
21:00:00,21:29:00,12-09-2020,157
21:30:00,21:59:00,12-09-2020,53
22:00:00,22:29:00,12-09-2020,75
22:30:00,22:59:00,12-09-2020,119
23:00:00,23:29:00,12-09-2020,145
23:30:00,23:59:00,12-09-2020,107
0:00:00,0:29:00,13-09-2020,192
0:30:00,0:59:00,13-09-2020,111
1:00:00,1:29:00,13-09-2020,130
1:30:00,1:59:00,13-09-2020,41
2:00:00,2:29:00,13-09-2020,114
2:30:00,2:59:00,13-09-2020,56
3:00:00,3:29:00,13-09-2020,45
3:30:00,3:59:00,13-09-2020,62
4:00:00,4:29:00,13-09-2020,119
4:30:00,4:59:00,13-09-2020,100
5:00:00,5:29:00,13-09-2020,101
5:30:00,5:59:00,13-09-2020,194
6:00:00,6:29:00,13-09-2020,26
6:30:00,6:59:00,13-09-2020,136
7:00:00,7:29:00,13-09-2020,103
7:30:00,7:59:00,13-09-2020,128
8:00:00,8:29:00,13-09-2020,183
8:30:00,8:59:00,13-09-2020,51
9:00:00,9:29:00,13-09-2020,143
9:30:00,9:59:00,13-09-2020,146
10:00:00,10:29:00,13-09-2020,101
10:30:00,10:59:00,13-09-2020,118
11:00:00,11:29:00,13-09-2020,67
11:30:00,11:59:00,13-09-2020,88
12:00:00,12:29:00,13-09-2020,134
12:30:00,12:59:00,13-09-2020,111
13:00:00,13:29:00,13-09-2020,141
13:30:00,13:59:00,13-09-2020,31
14:00:00,14:29:00,13-09-2020,38
14:30:00,14:59:00,13-09-2020,182
15:00:00,15:29:00,13-09-2020,76
15:30:00,15:59:00,13-09-2020,171
16:00:00,16:29:00,13-09-2020,118
16:30:00,16:59:00,13-09-2020,7
17:00:00,17:29:00,13-09-2020,83
17:30:00,17:59:00,13-09-2020,186
18:00:00,18:29:00,13-09-2020,1
18:30:00,18:59:00,13-09-2020,13
19:00:00,19:29:00,13-09-2020,170
19:30:00,19:59:00,13-09-2020,111
20:00:00,20:29:00,13-09-2020,107
20:30:00,20:59:00,13-09-2020,20
21:00:00,21:29:00,13-09-2020,80
21:30:00,21:59:00,13-09-2020,41
22:00:00,22:29:00,13-09-2020,163
22:30:00,22:59:00,13-09-2020,137
23:00:00,23:29:00,13-09-2020,7
23:30:00,23:59:00,13-09-2020,83
0:00:00,0:29:00,14-09-2020,84
0:30:00,0:59:00,14-09-2020,112
1:00:00,1:29:00,14-09-2020,44
1:30:00,1:59:00,14-09-2020,41
2:00:00,2:29:00,14-09-2020,90
2:30:00,2:59:00,14-09-2020,195
3:00:00,3:29:00,14-09-2020,135
3:30:00,3:59:00,14-09-2020,102
4:00:00,4:29:00,14-09-2020,23
4:30:00,4:59:00,14-09-2020,63
5:00:00,5:29:00,14-09-2020,28
5:30:00,5:59:00,14-09-2020,171
6:00:00,6:29:00,14-09-2020,197
6:30:00,6:59:00,14-09-2020,163
7:00:00,7:29:00,14-09-2020,128
7:30:00,7:59:00,14-09-2020,138
8:00:00,8:29:00,14-09-2020,113
8:30:00,8:59:00,14-09-2020,189
9:00:00,9:29:00,14-09-2020,24
9:30:00,9:59:00,14-09-2020,91
10:00:00,10:29:00,14-09-2020,27
10:30:00,10:59:00,14-09-2020,53
11:00:00,11:29:00,14-09-2020,17
11:30:00,11:59:00,14-09-2020,25
12:00:00,12:29:00,14-09-2020,97
12:30:00,12:59:00,14-09-2020,3
13:00:00,13:29:00,14-09-2020,100
13:30:00,13:59:00,14-09-2020,84
14:00:00,14:29:00,14-09-2020,81
14:30:00,14:59:00,14-09-2020,135
15:00:00,15:29:00,14-09-2020,3
15:30:00,15:59:00,14-09-2020,164
16:00:00,16:29:00,14-09-2020,34
16:30:00,16:59:00,14-09-2020,60
17:00:00,17:29:00,14-09-2020,109
17:30:00,17:59:00,14-09-2020,95
18:00:00,18:29:00,14-09-2020,102
18:30:00,18:59:00,14-09-2020,57
19:00:00,19:29:00,14-09-2020,175
19:30:00,19:59:00,14-09-2020,89
20:00:00,20:29:00,14-09-2020,92
20:30:00,20:59:00,14-09-2020,176
21:00:00,21:29:00,14-09-2020,125
21:30:00,21:59:00,14-09-2020,6
22:00:00,22:29:00,14-09-2020,190
22:30:00,22:59:00,14-09-2020,21
23:00:00,23:29:00,14-09-2020,143
23:30:00,23:59:00,14-09-2020,18
0:00:00,0:29:00,15-09-2020,53
0:30:00,0:59:00,15-09-2020,13
1:00:00,1:29:00,15-09-2020,52
1:30:00,1:59:00,15-09-2020,30
2:00:00,2:29:00,15-09-2020,186
2:30:00,2:59:00,15-09-2020,36
3:00:00,3:29:00,15-09-2020,83
3:30:00,3:59:00,15-09-2020,68
4:00:00,4:29:00,15-09-2020,191
4:30:00,4:59:00,15-09-2020,80
5:00:00,5:29:00,15-09-2020,76
5:30:00,5:59:00,15-09-2020,72
6:00:00,6:29:00,15-09-2020,194
6:30:00,6:59:00,15-09-2020,78
7:00:00,7:29:00,15-09-2020,142
7:30:00,7:59:00,15-09-2020,36
8:00:00,8:29:00,15-09-2020,18
8:30:00,8:59:00,15-09-2020,200
9:00:00,9:29:00,15-09-2020,133
9:30:00,9:59:00,15-09-2020,103
10:00:00,10:29:00,15-09-2020,135
10:30:00,10:59:00,15-09-2020,53
11:00:00,11:29:00,15-09-2020,182
11:30:00,11:59:00,15-09-2020,127
12:00:00,12:29:00,15-09-2020,48
12:30:00,12:59:00,15-09-2020,62
13:00:00,13:29:00,15-09-2020,181
13:30:00,13:59:00,15-09-2020,39
14:00:00,14:29:00,15-09-2020,50
14:30:00,14:59:00,15-09-2020,179
15:00:00,15:29:00,15-09-2020,90
15:30:00,15:59:00,15-09-2020,42
16:00:00,16:29:00,15-09-2020,192
16:30:00,16:59:00,15-09-2020,149
17:00:00,17:29:00,15-09-2020,181
17:30:00,17:59:00,15-09-2020,39
18:00:00,18:29:00,15-09-2020,61
18:30:00,18:59:00,15-09-2020,159
19:00:00,19:29:00,15-09-2020,27
19:30:00,19:59:00,15-09-2020,32
20:00:00,20:29:00,15-09-2020,19
20:30:00,20:59:00,15-09-2020,59
21:00:00,21:29:00,15-09-2020,165
21:30:00,21:59:00,15-09-2020,48
22:00:00,22:29:00,15-09-2020,51
22:30:00,22:59:00,15-09-2020,1
23:00:00,23:29:00,15-09-2020,78
23:30:00,23:59:00,15-09-2020,87
0:00:00,0:29:00,16-09-2020,116
0:30:00,0:59:00,16-09-2020,8
1:00:00,1:29:00,16-09-2020,37
1:30:00,1:59:00,16-09-2020,148
2:00:00,2:29:00,16-09-2020,66
2:30:00,2:59:00,16-09-2020,66
3:00:00,3:29:00,16-09-2020,92
3:30:00,3:59:00,16-09-2020,190
4:00:00,4:29:00,16-09-2020,6
4:30:00,4:59:00,16-09-2020,60
5:00:00,5:29:00,16-09-2020,121
5:30:00,5:59:00,16-09-2020,160
6:00:00,6:29:00,16-09-2020,41
6:30:00,6:59:00,16-09-2020,171
7:00:00,7:29:00,16-09-2020,148
7:30:00,7:59:00,16-09-2020,162
8:00:00,8:29:00,16-09-2020,78
8:30:00,8:59:00,16-09-2020,172
9:00:00,9:29:00,16-09-2020,142
9:30:00,9:59:00,16-09-2020,20
10:00:00,10:29:00,16-09-2020,142
10:30:00,10:59:00,16-09-2020,27
11:00:00,11:29:00,16-09-2020,29
11:30:00,11:59:00,16-09-2020,72
12:00:00,12:29:00,16-09-2020,3
12:30:00,12:59:00,16-09-2020,131
13:00:00,13:29:00,16-09-2020,176
13:30:00,13:59:00,16-09-2020,88
14:00:00,14:29:00,16-09-2020,178
14:30:00,14:59:00,16-09-2020,174
15:00:00,15:29:00,16-09-2020,42
15:30:00,15:59:00,16-09-2020,43
16:00:00,16:29:00,16-09-2020,5
16:30:00,16:59:00,16-09-2020,162
17:00:00,17:29:00,16-09-2020,69
17:30:00,17:59:00,16-09-2020,108
18:00:00,18:29:00,16-09-2020,161
18:30:00,18:59:00,16-09-2020,5
19:00:00,19:29:00,16-09-2020,139
19:30:00,19:59:00,16-09-2020,37
20:00:00,20:29:00,16-09-2020,72
20:30:00,20:59:00,16-09-2020,167
21:00:00,21:29:00,16-09-2020,171
21:30:00,21:59:00,16-09-2020,178
22:00:00,22:29:00,16-09-2020,22
22:30:00,22:59:00,16-09-2020,13
23:00:00,23:29:00,16-09-2020,75
23:30:00,23:59:00,16-09-2020,46
0:00:00,0:29:00,17-09-2020,42
0:30:00,0:59:00,17-09-2020,100
1:00:00,1:29:00,17-09-2020,12
1:30:00,1:59:00,17-09-2020,67
2:00:00,2:29:00,17-09-2020,182
2:30:00,2:59:00,17-09-2020,188
3:00:00,3:29:00,17-09-2020,140
3:30:00,3:59:00,17-09-2020,50
4:00:00,4:29:00,17-09-2020,187
4:30:00,4:59:00,17-09-2020,33
5:00:00,5:29:00,17-09-2020,9
5:30:00,5:59:00,17-09-2020,76
6:00:00,6:29:00,17-09-2020,121
6:30:00,6:59:00,17-09-2020,168
7:00:00,7:29:00,17-09-2020,85
7:30:00,7:59:00,17-09-2020,33
8:00:00,8:29:00,17-09-2020,166
8:30:00,8:59:00,17-09-2020,152
9:00:00,9:29:00,17-09-2020,13
9:30:00,9:59:00,17-09-2020,90
10:00:00,10:29:00,17-09-2020,127
10:30:00,10:59:00,17-09-2020,100
11:00:00,11:29:00,17-09-2020,55
11:30:00,11:59:00,17-09-2020,85
12:00:00,12:29:00,17-09-2020,68
12:30:00,12:59:00,17-09-2020,66
13:00:00,13:29:00,17-09-2020,149
13:30:00,13:59:00,17-09-2020,82
14:00:00,14:29:00,17-09-2020,141
14:30:00,14:59:00,17-09-2020,34
15:00:00,15:29:00,17-09-2020,134
15:30:00,15:59:00,17-09-2020,51
16:00:00,16:29:00,17-09-2020,54
16:30:00,16:59:00,17-09-2020,84
17:00:00,17:29:00,17-09-2020,154
17:30:00,17:59:00,17-09-2020,160
18:00:00,18:29:00,17-09-2020,19
18:30:00,18:59:00,17-09-2020,85
19:00:00,19:29:00,17-09-2020,134
19:30:00,19:59:00,17-09-2020,4
20:00:00,20:29:00,17-09-2020,159
20:30:00,20:59:00,17-09-2020,133
21:00:00,21:29:00,17-09-2020,56
21:30:00,21:59:00,17-09-2020,137
22:00:00,22:29:00,17-09-2020,123
22:30:00,22:59:00,17-09-2020,167
23:00:00,23:29:00,17-09-2020,54
23:30:00,23:59:00,17-09-2020,119
0:00:00,0:29:00,18-09-2020,66
0:30:00,0:59:00,18-09-2020,169
1:00:00,1:29:00,18-09-2020,182
1:30:00,1:59:00,18-09-2020,156
2:00:00,2:29:00,18-09-2020,137
2:30:00,2:59:00,18-09-2020,3
3:00:00,3:29:00,18-09-2020,23
3:30:00,3:59:00,18-09-2020,10
4:00:00,4:29:00,18-09-2020,43
4:30:00,4:59:00,18-09-2020,182
5:00:00,5:29:00,18-09-2020,39
5:30:00,5:59:00,18-09-2020,130
6:00:00,6:29:00,18-09-2020,2
6:30:00,6:59:00,18-09-2020,142
7:00:00,7:29:00,18-09-2020,61
7:30:00,7:59:00,18-09-2020,146
8:00:00,8:29:00,18-09-2020,82
8:30:00,8:59:00,18-09-2020,85
9:00:00,9:29:00,18-09-2020,149
9:30:00,9:59:00,18-09-2020,70
10:00:00,10:29:00,18-09-2020,170
10:30:00,10:59:00,18-09-2020,128
11:00:00,11:29:00,18-09-2020,45
11:30:00,11:59:00,18-09-2020,173
12:00:00,12:29:00,18-09-2020,100
12:30:00,12:59:00,18-09-2020,36
13:00:00,13:29:00,18-09-2020,38
13:30:00,13:59:00,18-09-2020,148
14:00:00,14:29:00,18-09-2020,133
14:30:00,14:59:00,18-09-2020,52
15:00:00,15:29:00,18-09-2020,122
15:30:00,15:59:00,18-09-2020,198
16:00:00,16:29:00,18-09-2020,72
16:30:00,16:59:00,18-09-2020,169
17:00:00,17:29:00,18-09-2020,119
17:30:00,17:59:00,18-09-2020,14
18:00:00,18:29:00,18-09-2020,162
18:30:00,18:59:00,18-09-2020,164
19:00:00,19:29:00,18-09-2020,91
19:30:00,19:59:00,18-09-2020,28
20:00:00,20:29:00,18-09-2020,176
20:30:00,20:59:00,18-09-2020,103
21:00:00,21:29:00,18-09-2020,200
21:30:00,21:59:00,18-09-2020,169
22:00:00,22:29:00,18-09-2020,156
22:30:00,22:59:00,18-09-2020,186
23:00:00,23:29:00,18-09-2020,123
23:30:00,23:59:00,18-09-2020,22
0:00:00,0:29:00,19-09-2020,97
0:30:00,0:59:00,19-09-2020,74
1:00:00,1:29:00,19-09-2020,85
1:30:00,1:59:00,19-09-2020,61
2:00:00,2:29:00,19-09-2020,36
2:30:00,2:59:00,19-09-2020,188
3:00:00,3:29:00,19-09-2020,111
3:30:00,3:59:00,19-09-2020,7
4:00:00,4:29:00,19-09-2020,123
4:30:00,4:59:00,19-09-2020,40
5:00:00,5:29:00,19-09-2020,144
5:30:00,5:59:00,19-09-2020,123
6:00:00,6:29:00,19-09-2020,165
6:30:00,6:59:00,19-09-2020,26
7:00:00,7:29:00,19-09-2020,194
7:30:00,7:59:00,19-09-2020,99
8:00:00,8:29:00,19-09-2020,76
8:30:00,8:59:00,19-09-2020,21
9:00:00,9:29:00,19-09-2020,70
9:30:00,9:59:00,19-09-2020,195
10:00:00,10:29:00,19-09-2020,6
10:30:00,10:59:00,19-09-2020,117
11:00:00,11:29:00,19-09-2020,198
11:30:00,11:59:00,19-09-2020,126
12:00:00,12:29:00,19-09-2020,180
12:30:00,12:59:00,19-09-2020,82
13:00:00,13:29:00,19-09-2020,173
13:30:00,13:59:00,19-09-2020,107
14:00:00,14:29:00,19-09-2020,142
14:30:00,14:59:00,19-09-2020,188
15:00:00,15:29:00,19-09-2020,68
15:30:00,15:59:00,19-09-2020,92
16:00:00,16:29:00,19-09-2020,83
16:30:00,16:59:00,19-09-2020,175
17:00:00,17:29:00,19-09-2020,3
17:30:00,17:59:00,19-09-2020,134
18:00:00,18:29:00,19-09-2020,21
18:30:00,18:59:00,19-09-2020,144
19:00:00,19:29:00,19-09-2020,53
19:30:00,19:59:00,19-09-2020,131
20:00:00,20:29:00,19-09-2020,171
20:30:00,20:59:00,19-09-2020,34
21:00:00,21:29:00,19-09-2020,118
21:30:00,21:59:00,19-09-2020,68
22:00:00,22:29:00,19-09-2020,131
22:30:00,22:59:00,19-09-2020,147
23:00:00,23:29:00,19-09-2020,173
23:30:00,23:59:00,19-09-2020,176
0:00:00,0:29:00,20-09-2020,89
0:30:00,0:59:00,20-09-2020,67
1:00:00,1:29:00,20-09-2020,120
1:30:00,1:59:00,20-09-2020,166
2:00:00,2:29:00,20-09-2020,193
2:30:00,2:59:00,20-09-2020,155
3:00:00,3:29:00,20-09-2020,148
3:30:00,3:59:00,20-09-2020,40
4:00:00,4:29:00,20-09-2020,178
4:30:00,4:59:00,20-09-2020,109
5:00:00,5:29:00,20-09-2020,123
5:30:00,5:59:00,20-09-2020,75
6:00:00,6:29:00,20-09-2020,1
6:30:00,6:59:00,20-09-2020,21
7:00:00,7:29:00,20-09-2020,80
7:30:00,7:59:00,20-09-2020,181
8:00:00,8:29:00,20-09-2020,9
8:30:00,8:59:00,20-09-2020,14
9:00:00,9:29:00,20-09-2020,102
9:30:00,9:59:00,20-09-2020,85
10:00:00,10:29:00,20-09-2020,21
10:30:00,10:59:00,20-09-2020,173
11:00:00,11:29:00,20-09-2020,158
11:30:00,11:59:00,20-09-2020,198
12:00:00,12:29:00,20-09-2020,14
12:30:00,12:59:00,20-09-2020,167
13:00:00,13:29:00,20-09-2020,34
13:30:00,13:59:00,20-09-2020,29
14:00:00,14:29:00,20-09-2020,28
14:30:00,14:59:00,20-09-2020,160
15:00:00,15:29:00,20-09-2020,86
15:30:00,15:59:00,20-09-2020,84
16:00:00,16:29:00,20-09-2020,184
16:30:00,16:59:00,20-09-2020,21
17:00:00,17:29:00,20-09-2020,103
17:30:00,17:59:00,20-09-2020,81
18:00:00,18:29:00,20-09-2020,55
18:30:00,18:59:00,20-09-2020,55
19:00:00,19:29:00,20-09-2020,41
19:30:00,19:59:00,20-09-2020,8
20:00:00,20:29:00,20-09-2020,50
20:30:00,20:59:00,20-09-2020,72
21:00:00,21:29:00,20-09-2020,135
21:30:00,21:59:00,20-09-2020,156
22:00:00,22:29:00,20-09-2020,79
22:30:00,22:59:00,20-09-2020,59
23:00:00,23:29:00,20-09-2020,107
23:30:00,23:59:00,20-09-2020,46
0:00:00,0:29:00,21-09-2020,133
0:30:00,0:59:00,21-09-2020,109
1:00:00,1:29:00,21-09-2020,43
1:30:00,1:59:00,21-09-2020,80
2:00:00,2:29:00,21-09-2020,110
2:30:00,2:59:00,21-09-2020,49
3:00:00,3:29:00,21-09-2020,36
3:30:00,3:59:00,21-09-2020,158
4:00:00,4:29:00,21-09-2020,179
4:30:00,4:59:00,21-09-2020,40
5:00:00,5:29:00,21-09-2020,3
5:30:00,5:59:00,21-09-2020,32
6:00:00,6:29:00,21-09-2020,8
6:30:00,6:59:00,21-09-2020,120
7:00:00,7:29:00,21-09-2020,109
7:30:00,7:59:00,21-09-2020,137
8:00:00,8:29:00,21-09-2020,25
8:30:00,8:59:00,21-09-2020,25
9:00:00,9:29:00,21-09-2020,102
9:30:00,9:59:00,21-09-2020,141
10:00:00,10:29:00,21-09-2020,52
10:30:00,10:59:00,21-09-2020,4
11:00:00,11:29:00,21-09-2020,135
11:30:00,11:59:00,21-09-2020,124
12:00:00,12:29:00,21-09-2020,196
12:30:00,12:59:00,21-09-2020,137
13:00:00,13:29:00,21-09-2020,48
13:30:00,13:59:00,21-09-2020,175
14:00:00,14:29:00,21-09-2020,31
14:30:00,14:59:00,21-09-2020,22
15:00:00,15:29:00,21-09-2020,88
15:30:00,15:59:00,21-09-2020,200
16:00:00,16:29:00,21-09-2020,81
16:30:00,16:59:00,21-09-2020,35
17:00:00,17:29:00,21-09-2020,85
17:30:00,17:59:00,21-09-2020,200
18:00:00,18:29:00,21-09-2020,86
18:30:00,18:59:00,21-09-2020,83
19:00:00,19:29:00,21-09-2020,52
19:30:00,19:59:00,21-09-2020,158
20:00:00,20:29:00,21-09-2020,126
20:30:00,20:59:00,21-09-2020,99
21:00:00,21:29:00,21-09-2020,17
21:30:00,21:59:00,21-09-2020,24
22:00:00,22:29:00,21-09-2020,136
22:30:00,22:59:00,21-09-2020,124
23:00:00,23:29:00,21-09-2020,187
23:30:00,23:59:00,21-09-2020,74
0:00:00,0:29:00,22-09-2020,33
0:30:00,0:59:00,22-09-2020,46
1:00:00,1:29:00,22-09-2020,170
1:30:00,1:59:00,22-09-2020,101
2:00:00,2:29:00,22-09-2020,137
2:30:00,2:59:00,22-09-2020,200
3:00:00,3:29:00,22-09-2020,31
3:30:00,3:59:00,22-09-2020,99
4:00:00,4:29:00,22-09-2020,197
4:30:00,4:59:00,22-09-2020,59
5:00:00,5:29:00,22-09-2020,129
5:30:00,5:59:00,22-09-2020,159
6:00:00,6:29:00,22-09-2020,36
6:30:00,6:59:00,22-09-2020,26
7:00:00,7:29:00,22-09-2020,129
7:30:00,7:59:00,22-09-2020,126
8:00:00,8:29:00,22-09-2020,53
8:30:00,8:59:00,22-09-2020,76
9:00:00,9:29:00,22-09-2020,92
9:30:00,9:59:00,22-09-2020,25
10:00:00,10:29:00,22-09-2020,164
10:30:00,10:59:00,22-09-2020,36
11:00:00,11:29:00,22-09-2020,157
11:30:00,11:59:00,22-09-2020,147
12:00:00,12:29:00,22-09-2020,37
12:30:00,12:59:00,22-09-2020,122
13:00:00,13:29:00,22-09-2020,119
13:30:00,13:59:00,22-09-2020,77
14:00:00,14:29:00,22-09-2020,144
14:30:00,14:59:00,22-09-2020,56
15:00:00,15:29:00,22-09-2020,168
15:30:00,15:59:00,22-09-2020,18
16:00:00,16:29:00,22-09-2020,48
16:30:00,16:59:00,22-09-2020,151
17:00:00,17:29:00,22-09-2020,189
17:30:00,17:59:00,22-09-2020,156
18:00:00,18:29:00,22-09-2020,142
18:30:00,18:59:00,22-09-2020,69
19:00:00,19:29:00,22-09-2020,20
19:30:00,19:59:00,22-09-2020,58
20:00:00,20:29:00,22-09-2020,49
20:30:00,20:59:00,22-09-2020,12
21:00:00,21:29:00,22-09-2020,60
21:30:00,21:59:00,22-09-2020,83
22:00:00,22:29:00,22-09-2020,107
22:30:00,22:59:00,22-09-2020,120
23:00:00,23:29:00,22-09-2020,36
23:30:00,23:59:00,22-09-2020,33
0:00:00,0:29:00,23-09-2020,63
0:30:00,0:59:00,23-09-2020,153
1:00:00,1:29:00,23-09-2020,114
1:30:00,1:59:00,23-09-2020,169
2:00:00,2:29:00,23-09-2020,110
2:30:00,2:59:00,23-09-2020,75
3:00:00,3:29:00,23-09-2020,160
3:30:00,3:59:00,23-09-2020,176
4:00:00,4:29:00,23-09-2020,28
4:30:00,4:59:00,23-09-2020,9
5:00:00,5:29:00,23-09-2020,9
5:30:00,5:59:00,23-09-2020,159
6:00:00,6:29:00,23-09-2020,96
6:30:00,6:59:00,23-09-2020,98
7:00:00,7:29:00,23-09-2020,171
7:30:00,7:59:00,23-09-2020,48
8:00:00,8:29:00,23-09-2020,81
8:30:00,8:59:00,23-09-2020,71
9:00:00,9:29:00,23-09-2020,197
9:30:00,9:59:00,23-09-2020,120
10:00:00,10:29:00,23-09-2020,109
10:30:00,10:59:00,23-09-2020,59
11:00:00,11:29:00,23-09-2020,17
11:30:00,11:59:00,23-09-2020,57
12:00:00,12:29:00,23-09-2020,142
12:30:00,12:59:00,23-09-2020,135
13:00:00,13:29:00,23-09-2020,111
13:30:00,13:59:00,23-09-2020,9
14:00:00,14:29:00,23-09-2020,121
14:30:00,14:59:00,23-09-2020,19
15:00:00,15:29:00,23-09-2020,173
15:30:00,15:59:00,23-09-2020,63
16:00:00,16:29:00,23-09-2020,142
16:30:00,16:59:00,23-09-2020,37
17:00:00,17:29:00,23-09-2020,68
17:30:00,17:59:00,23-09-2020,155
18:00:00,18:29:00,23-09-2020,169
18:30:00,18:59:00,23-09-2020,126
19:00:00,19:29:00,23-09-2020,93
19:30:00,19:59:00,23-09-2020,169
20:00:00,20:29:00,23-09-2020,56
20:30:00,20:59:00,23-09-2020,129
21:00:00,21:29:00,23-09-2020,69
21:30:00,21:59:00,23-09-2020,6
22:00:00,22:29:00,23-09-2020,200
22:30:00,22:59:00,23-09-2020,198
23:00:00,23:29:00,23-09-2020,175
23:30:00,23:59:00,23-09-2020,155
0:00:00,0:29:00,24-09-2020,109
0:30:00,0:59:00,24-09-2020,124
1:00:00,1:29:00,24-09-2020,29
1:30:00,1:59:00,24-09-2020,73
2:00:00,2:29:00,24-09-2020,104
2:30:00,2:59:00,24-09-2020,79
3:00:00,3:29:00,24-09-2020,180
3:30:00,3:59:00,24-09-2020,136
4:00:00,4:29:00,24-09-2020,186
4:30:00,4:59:00,24-09-2020,198
5:00:00,5:29:00,24-09-2020,28
5:30:00,5:59:00,24-09-2020,82
6:00:00,6:29:00,24-09-2020,162
6:30:00,6:59:00,24-09-2020,174
7:00:00,7:29:00,24-09-2020,154
7:30:00,7:59:00,24-09-2020,111
8:00:00,8:29:00,24-09-2020,172
8:30:00,8:59:00,24-09-2020,140
9:00:00,9:29:00,24-09-2020,75
9:30:00,9:59:00,24-09-2020,75
10:00:00,10:29:00,24-09-2020,145
10:30:00,10:59:00,24-09-2020,66
11:00:00,11:29:00,24-09-2020,108
11:30:00,11:59:00,24-09-2020,91
12:00:00,12:29:00,24-09-2020,151
12:30:00,12:59:00,24-09-2020,35
13:00:00,13:29:00,24-09-2020,44
13:30:00,13:59:00,24-09-2020,64
14:00:00,14:29:00,24-09-2020,190
14:30:00,14:59:00,24-09-2020,169
15:00:00,15:29:00,24-09-2020,156
15:30:00,15:59:00,24-09-2020,100
16:00:00,16:29:00,24-09-2020,46
16:30:00,16:59:00,24-09-2020,78
17:00:00,17:29:00,24-09-2020,195
17:30:00,17:59:00,24-09-2020,13
18:00:00,18:29:00,24-09-2020,95
18:30:00,18:59:00,24-09-2020,165
19:00:00,19:29:00,24-09-2020,129
19:30:00,19:59:00,24-09-2020,167
20:00:00,20:29:00,24-09-2020,73
20:30:00,20:59:00,24-09-2020,125
21:00:00,21:29:00,24-09-2020,184
21:30:00,21:59:00,24-09-2020,21
22:00:00,22:29:00,24-09-2020,89
22:30:00,22:59:00,24-09-2020,179
23:00:00,23:29:00,24-09-2020,2
23:30:00,23:59:00,24-09-2020,44
0:00:00,0:29:00,25-09-2020,52
0:30:00,0:59:00,25-09-2020,31
1:00:00,1:29:00,25-09-2020,30
1:30:00,1:59:00,25-09-2020,72
2:00:00,2:29:00,25-09-2020,160
2:30:00,2:59:00,25-09-2020,164
3:00:00,3:29:00,25-09-2020,102
3:30:00,3:59:00,25-09-2020,150
4:00:00,4:29:00,25-09-2020,61
4:30:00,4:59:00,25-09-2020,121
5:00:00,5:29:00,25-09-2020,122
5:30:00,5:59:00,25-09-2020,194
6:00:00,6:29:00,25-09-2020,124
6:30:00,6:59:00,25-09-2020,26
7:00:00,7:29:00,25-09-2020,12
7:30:00,7:59:00,25-09-2020,132
8:00:00,8:29:00,25-09-2020,27
8:30:00,8:59:00,25-09-2020,54
9:00:00,9:29:00,25-09-2020,90
9:30:00,9:59:00,25-09-2020,80
10:00:00,10:29:00,25-09-2020,72
10:30:00,10:59:00,25-09-2020,72
11:00:00,11:29:00,25-09-2020,104
11:30:00,11:59:00,25-09-2020,36
12:00:00,12:29:00,25-09-2020,21
12:30:00,12:59:00,25-09-2020,44
13:00:00,13:29:00,25-09-2020,128
13:30:00,13:59:00,25-09-2020,15
14:00:00,14:29:00,25-09-2020,116
14:30:00,14:59:00,25-09-2020,136
15:00:00,15:29:00,25-09-2020,51
15:30:00,15:59:00,25-09-2020,147
16:00:00,16:29:00,25-09-2020,48
16:30:00,16:59:00,25-09-2020,111
17:00:00,17:29:00,25-09-2020,43
17:30:00,17:59:00,25-09-2020,96
18:00:00,18:29:00,25-09-2020,15
18:30:00,18:59:00,25-09-2020,137
19:00:00,19:29:00,25-09-2020,145
19:30:00,19:59:00,25-09-2020,197
20:00:00,20:29:00,25-09-2020,35
20:30:00,20:59:00,25-09-2020,101
21:00:00,21:29:00,25-09-2020,20
21:30:00,21:59:00,25-09-2020,41
22:00:00,22:29:00,25-09-2020,160
22:30:00,22:59:00,25-09-2020,192
23:00:00,23:29:00,25-09-2020,190
23:30:00,23:59:00,25-09-2020,54
0:00:00,0:29:00,26-09-2020,93
0:30:00,0:59:00,26-09-2020,196
1:00:00,1:29:00,26-09-2020,131
1:30:00,1:59:00,26-09-2020,160
2:00:00,2:29:00,26-09-2020,81
2:30:00,2:59:00,26-09-2020,131
3:00:00,3:29:00,26-09-2020,85
3:30:00,3:59:00,26-09-2020,61
4:00:00,4:29:00,26-09-2020,176
4:30:00,4:59:00,26-09-2020,61
5:00:00,5:29:00,26-09-2020,12
5:30:00,5:59:00,26-09-2020,27
6:00:00,6:29:00,26-09-2020,190
6:30:00,6:59:00,26-09-2020,11
7:00:00,7:29:00,26-09-2020,12
7:30:00,7:59:00,26-09-2020,46
8:00:00,8:29:00,26-09-2020,168
8:30:00,8:59:00,26-09-2020,130
9:00:00,9:29:00,26-09-2020,19
9:30:00,9:59:00,26-09-2020,151
10:00:00,10:29:00,26-09-2020,65
10:30:00,10:59:00,26-09-2020,53
11:00:00,11:29:00,26-09-2020,139
11:30:00,11:59:00,26-09-2020,123
12:00:00,12:29:00,26-09-2020,8
12:30:00,12:59:00,26-09-2020,194
13:00:00,13:29:00,26-09-2020,127
13:30:00,13:59:00,26-09-2020,2
14:00:00,14:29:00,26-09-2020,75
14:30:00,14:59:00,26-09-2020,14
15:00:00,15:29:00,26-09-2020,99
15:30:00,15:59:00,26-09-2020,71
16:00:00,16:29:00,26-09-2020,129
16:30:00,16:59:00,26-09-2020,68
17:00:00,17:29:00,26-09-2020,80
17:30:00,17:59:00,26-09-2020,107
18:00:00,18:29:00,26-09-2020,61
18:30:00,18:59:00,26-09-2020,114
19:00:00,19:29:00,26-09-2020,20
19:30:00,19:59:00,26-09-2020,83
20:00:00,20:29:00,26-09-2020,176
20:30:00,20:59:00,26-09-2020,163
21:00:00,21:29:00,26-09-2020,167
21:30:00,21:59:00,26-09-2020,158
22:00:00,22:29:00,26-09-2020,148
22:30:00,22:59:00,26-09-2020,33
23:00:00,23:29:00,26-09-2020,70
23:30:00,23:59:00,26-09-2020,95
0:00:00,0:29:00,27-09-2020,40
0:30:00,0:59:00,27-09-2020,114
1:00:00,1:29:00,27-09-2020,110
1:30:00,1:59:00,27-09-2020,99
2:00:00,2:29:00,27-09-2020,57
2:30:00,2:59:00,27-09-2020,132
3:00:00,3:29:00,27-09-2020,140
3:30:00,3:59:00,27-09-2020,109
4:00:00,4:29:00,27-09-2020,97
4:30:00,4:59:00,27-09-2020,3
5:00:00,5:29:00,27-09-2020,87
5:30:00,5:59:00,27-09-2020,134
6:00:00,6:29:00,27-09-2020,180
6:30:00,6:59:00,27-09-2020,169
7:00:00,7:29:00,27-09-2020,4
7:30:00,7:59:00,27-09-2020,177
8:00:00,8:29:00,27-09-2020,159
8:30:00,8:59:00,27-09-2020,29
9:00:00,9:29:00,27-09-2020,97
9:30:00,9:59:00,27-09-2020,14
10:00:00,10:29:00,27-09-2020,162
10:30:00,10:59:00,27-09-2020,16
11:00:00,11:29:00,27-09-2020,175
11:30:00,11:59:00,27-09-2020,119
12:00:00,12:29:00,27-09-2020,169
12:30:00,12:59:00,27-09-2020,66
13:00:00,13:29:00,27-09-2020,93
13:30:00,13:59:00,27-09-2020,38
14:00:00,14:29:00,27-09-2020,118
14:30:00,14:59:00,27-09-2020,136
15:00:00,15:29:00,27-09-2020,102
15:30:00,15:59:00,27-09-2020,89
16:00:00,16:29:00,27-09-2020,121
16:30:00,16:59:00,27-09-2020,125
17:00:00,17:29:00,27-09-2020,10
17:30:00,17:59:00,27-09-2020,11
18:00:00,18:29:00,27-09-2020,75
18:30:00,18:59:00,27-09-2020,79
19:00:00,19:29:00,27-09-2020,74
19:30:00,19:59:00,27-09-2020,21
20:00:00,20:29:00,27-09-2020,148
20:30:00,20:59:00,27-09-2020,185
21:00:00,21:29:00,27-09-2020,7
21:30:00,21:59:00,27-09-2020,113
22:00:00,22:29:00,27-09-2020,94
22:30:00,22:59:00,27-09-2020,177
23:00:00,23:29:00,27-09-2020,163
23:30:00,23:59:00,27-09-2020,164
0:00:00,0:29:00,28-09-2020,130
0:30:00,0:59:00,28-09-2020,55
1:00:00,1:29:00,28-09-2020,77
1:30:00,1:59:00,28-09-2020,4
2:00:00,2:29:00,28-09-2020,144
2:30:00,2:59:00,28-09-2020,175
3:00:00,3:29:00,28-09-2020,168
3:30:00,3:59:00,28-09-2020,163
4:00:00,4:29:00,28-09-2020,59
4:30:00,4:59:00,28-09-2020,64
5:00:00,5:29:00,28-09-2020,25
5:30:00,5:59:00,28-09-2020,136
6:00:00,6:29:00,28-09-2020,21
6:30:00,6:59:00,28-09-2020,77
7:00:00,7:29:00,28-09-2020,68
7:30:00,7:59:00,28-09-2020,146
8:00:00,8:29:00,28-09-2020,168
8:30:00,8:59:00,28-09-2020,138
9:00:00,9:29:00,28-09-2020,5
9:30:00,9:59:00,28-09-2020,118
10:00:00,10:29:00,28-09-2020,171
10:30:00,10:59:00,28-09-2020,32
11:00:00,11:29:00,28-09-2020,62
11:30:00,11:59:00,28-09-2020,121
12:00:00,12:29:00,28-09-2020,89
12:30:00,12:59:00,28-09-2020,1
13:00:00,13:29:00,28-09-2020,127
13:30:00,13:59:00,28-09-2020,137
14:00:00,14:29:00,28-09-2020,7
14:30:00,14:59:00,28-09-2020,122
15:00:00,15:29:00,28-09-2020,143
15:30:00,15:59:00,28-09-2020,173
16:00:00,16:29:00,28-09-2020,64
16:30:00,16:59:00,28-09-2020,139
17:00:00,17:29:00,28-09-2020,77
17:30:00,17:59:00,28-09-2020,125
18:00:00,18:29:00,28-09-2020,25
18:30:00,18:59:00,28-09-2020,91
19:00:00,19:29:00,28-09-2020,50
19:30:00,19:59:00,28-09-2020,14
20:00:00,20:29:00,28-09-2020,143
20:30:00,20:59:00,28-09-2020,195
21:00:00,21:29:00,28-09-2020,172
21:30:00,21:59:00,28-09-2020,84
22:00:00,22:29:00,28-09-2020,88
22:30:00,22:59:00,28-09-2020,194
23:00:00,23:29:00,28-09-2020,70
23:30:00,23:59:00,28-09-2020,178
0:00:00,0:29:00,29-09-2020,84
0:30:00,0:59:00,29-09-2020,78
1:00:00,1:29:00,29-09-2020,135
1:30:00,1:59:00,29-09-2020,111
2:00:00,2:29:00,29-09-2020,51
2:30:00,2:59:00,29-09-2020,11
3:00:00,3:29:00,29-09-2020,69
3:30:00,3:59:00,29-09-2020,166
4:00:00,4:29:00,29-09-2020,56
4:30:00,4:59:00,29-09-2020,169
5:00:00,5:29:00,29-09-2020,189
5:30:00,5:59:00,29-09-2020,125
6:00:00,6:29:00,29-09-2020,33
6:30:00,6:59:00,29-09-2020,97
7:00:00,7:29:00,29-09-2020,144
7:30:00,7:59:00,29-09-2020,126
8:00:00,8:29:00,29-09-2020,20
8:30:00,8:59:00,29-09-2020,162
9:00:00,9:29:00,29-09-2020,154
9:30:00,9:59:00,29-09-2020,37
10:00:00,10:29:00,29-09-2020,87
10:30:00,10:59:00,29-09-2020,64
11:00:00,11:29:00,29-09-2020,7
11:30:00,11:59:00,29-09-2020,52
12:00:00,12:29:00,29-09-2020,125
12:30:00,12:59:00,29-09-2020,1
13:00:00,13:29:00,29-09-2020,77
13:30:00,13:59:00,29-09-2020,186
14:00:00,14:29:00,29-09-2020,130
14:30:00,14:59:00,29-09-2020,193
15:00:00,15:29:00,29-09-2020,121
15:30:00,15:59:00,29-09-2020,52
16:00:00,16:29:00,29-09-2020,35
16:30:00,16:59:00,29-09-2020,97
17:00:00,17:29:00,29-09-2020,188
17:30:00,17:59:00,29-09-2020,107
18:00:00,18:29:00,29-09-2020,105
18:30:00,18:59:00,29-09-2020,125
19:00:00,19:29:00,29-09-2020,156
19:30:00,19:59:00,29-09-2020,8
20:00:00,20:29:00,29-09-2020,10
20:30:00,20:59:00,29-09-2020,48
21:00:00,21:29:00,29-09-2020,99
21:30:00,21:59:00,29-09-2020,91
22:00:00,22:29:00,29-09-2020,66
22:30:00,22:59:00,29-09-2020,141
23:00:00,23:29:00,29-09-2020,74
23:30:00,23:59:00,29-09-2020,122
0:00:00,0:29:00,30-09-2020,131
0:30:00,0:59:00,30-09-2020,200
1:00:00,1:29:00,30-09-2020,128
1:30:00,1:59:00,30-09-2020,95
2:00:00,2:29:00,30-09-2020,24
2:30:00,2:59:00,30-09-2020,58
3:00:00,3:29:00,30-09-2020,110
3:30:00,3:59:00,30-09-2020,182
4:00:00,4:29:00,30-09-2020,110
4:30:00,4:59:00,30-09-2020,174
5:00:00,5:29:00,30-09-2020,44
5:30:00,5:59:00,30-09-2020,131
6:00:00,6:29:00,30-09-2020,79
6:30:00,6:59:00,30-09-2020,86
7:00:00,7:29:00,30-09-2020,14
7:30:00,7:59:00,30-09-2020,20
8:00:00,8:29:00,30-09-2020,119
8:30:00,8:59:00,30-09-2020,63
9:00:00,9:29:00,30-09-2020,182
9:30:00,9:59:00,30-09-2020,100
10:00:00,10:29:00,30-09-2020,135
10:30:00,10:59:00,30-09-2020,132
11:00:00,11:29:00,30-09-2020,17
11:30:00,11:59:00,30-09-2020,190
12:00:00,12:29:00,30-09-2020,150
12:30:00,12:59:00,30-09-2020,115
13:00:00,13:29:00,30-09-2020,62
13:30:00,13:59:00,30-09-2020,3
14:00:00,14:29:00,30-09-2020,97
14:30:00,14:59:00,30-09-2020,120
15:00:00,15:29:00,30-09-2020,49
15:30:00,15:59:00,30-09-2020,150
16:00:00,16:29:00,30-09-2020,98
16:30:00,16:59:00,30-09-2020,117
17:00:00,17:29:00,30-09-2020,5
17:30:00,17:59:00,30-09-2020,184
18:00:00,18:29:00,30-09-2020,74
18:30:00,18:59:00,30-09-2020,159
19:00:00,19:29:00,30-09-2020,136
19:30:00,19:59:00,30-09-2020,38
20:00:00,20:29:00,30-09-2020,20
20:30:00,20:59:00,30-09-2020,160
21:00:00,21:29:00,30-09-2020,70
21:30:00,21:59:00,30-09-2020,27
22:00:00,22:29:00,30-09-2020,9
22:30:00,22:59:00,30-09-2020,49
23:00:00,23:29:00,30-09-2020,93
23:30:00,23:59:00,30-09-2020,92
